median,mean,date,city
-3.2,-3.2,2021-01-01,Edmundston
8.8,8.850000000000001,2021-01-01,Victoria
2.8,2.8,2021-01-01,Halifax
-4.1,-4.1,2021-01-01,Red Deer
-1.6,-0.9500000000000001,2021-01-01,Calgary
2.0,5.9,2021-01-01,Vancouver
-0.3,0.30000000000000004,2021-01-01,Prince George
-3.8,-3.75,2021-01-01,Gander
9.1,9.2,2021-01-01,Nanaimo
"","",2021-01-01,Chilliwack
-0.1,0.0,2021-01-01,Quesnel
4.3,4.5,2021-01-01,Kelowna
-13.1,-13.05,2021-01-01,Thunder Bay
-14.0,-14.0,2021-01-01,Atikokan
4.0,4.0,2021-01-01,Prince Rupert
-8.0,-7.95,2021-01-01,Winnipeg
0.2,0.2,2021-01-01,Moncton
-0.4,-0.2,2021-01-01,Medicine Hat
-12.8,-12.15,2021-01-01,Fort Nelson
-10.1,-10.05,2021-01-01,Kenora
-22.5,-22.5,2021-01-01,Iqaluit
1.6,1.6,2021-01-01,Creston
2.0,1.9000000000000001,2021-01-01,Lethbridge
6.5,6.5,2021-01-01,Lillooet
-11.8,-11.8,2021-01-01,Dryden
-2.7,-2.9333333333333336,2021-01-01,Edmonton
3.0,3.0,2021-01-01,Liverpool
-1.8,-1.8,2021-01-01,Rimouski
-0.4,-0.4,2021-01-01,Windsor
-1.7,-1.7,2021-01-01,Trois-Rivières
"","",2021-01-01,Hamilton
-3.3,-3.3,2021-01-01,Chicoutimi
-3.2,-3.2,2021-01-01,Kitchener
-8.1,-8.0,2021-01-01,Saskatoon
-0.5,-0.35,2021-01-01,Ottawa
-3.3,-3.3,2021-01-01,Peterborough
-2.5,-2.5,2021-01-01,Québec
0.3,0.3,2021-01-01,Montréal
-3.2,-3.2,2021-01-01,Rivière-du-Loup
-3.1,-3.1,2021-01-01,Saint-Georges
-0.1,0.2,2021-01-01,Toronto
-0.7,-0.7,2021-01-01,Belleville
-6.0,-6.0,2021-01-01,Val-d’Or
-0.3,-0.2,2021-01-01,London
0.8,0.8,2021-01-02,Prince Rupert
1.9,3.0999999999999996,2021-01-02,Nanaimo
5.4,5.45,2021-01-02,Victoria
2.8,2.8,2021-01-02,Creston
"","",2021-01-02,Chilliwack
-5.0,-5.0,2021-01-02,Red Deer
-3.0,-3.5,2021-01-02,Lethbridge
-3.7,-3.7,2021-01-02,Medicine Hat
-6.4,-6.4,2021-01-02,Atikokan
-1.3,2.0500000000000003,2021-01-02,Vancouver
-1.3,-1.25,2021-01-02,Gander
-5.4,-5.4,2021-01-02,Edmundston
-2.7,-3.3000000000000003,2021-01-02,Edmonton
4.0,4.0,2021-01-02,Abbotsford
-0.9,-0.9,2021-01-02,Moncton
-4.2,-3.6,2021-01-02,Calgary
-8.7,-8.649999999999999,2021-01-02,Kenora
-17.1,-16.1,2021-01-02,Fort Nelson
1.3,1.3,2021-01-02,Liverpool
3.0,3.05,2021-01-02,Kelowna
-5.0,-4.95,2021-01-02,Quesnel
1.4,1.4,2021-01-02,Halifax
3.0,3.0,2021-01-02,Lillooet
-5.7,-4.833333333333333,2021-01-02,Prince George
-2.7,-2.6500000000000004,2021-01-02,Thunder Bay
-7.3,-7.199999999999999,2021-01-02,Winnipeg
-9.0,-9.0,2021-01-02,Dryden
-13.6,-13.6,2021-01-02,Iqaluit
3.3,3.45,2021-01-02,Toronto
-3.5,-3.5,2021-01-02,Chicoutimi
-0.9,-0.9,2021-01-02,Québec
-6.4,-6.4,2021-01-02,Saskatoon
3.6,3.7,2021-01-02,London
3.0,3.2,2021-01-02,Belleville
"","",2021-01-02,Hamilton
-0.6,-0.6,2021-01-02,Trois-Rivières
-4.1,-4.1,2021-01-02,Val-d’Or
0.7,0.7,2021-01-02,Peterborough
-0.1,0.09999999999999999,2021-01-02,Ottawa
-3.2,-3.2,2021-01-02,Rivière-du-Loup
1.3,1.3,2021-01-02,Montréal
-2.3,-2.3,2021-01-02,Rimouski
1.9,1.9,2021-01-02,Kitchener
-1.5,-1.5,2021-01-02,Saint-Georges
4.8,4.8,2021-01-02,Windsor
0.6,0.6,2021-01-03,Moncton
-2.5,-2.5,2021-01-03,Gander
0.2,0.7,2021-01-03,Kelowna
-0.2,0.16666666666666666,2021-01-03,Prince George
1.0,1.0,2021-01-03,Creston
2.6,2.6,2021-01-03,Halifax
-0.4,-0.4,2021-01-03,Calgary
7.8,8.15,2021-01-03,Nanaimo
8.3,8.350000000000001,2021-01-03,Victoria
8.0,8.0,2021-01-03,Vancouver
-7.7,-7.1000000000000005,2021-01-03,Edmonton
-13.9,-13.9,2021-01-03,Iqaluit
3.9,3.9,2021-01-03,Liverpool
-7.9,-7.9,2021-01-03,Red Deer
-6.7,-6.7,2021-01-03,Thunder Bay
8.5,8.5,2021-01-03,Lillooet
-10.0,-10.0,2021-01-03,Dryden
-4.0,-3.95,2021-01-03,Winnipeg
-7.8,-7.75,2021-01-03,Kenora
-3.5,-3.3,2021-01-03,Medicine Hat
-2.2,-2.2,2021-01-03,Edmundston
-23.0,-22.3,2021-01-03,Fort Nelson
1.6,1.4000000000000001,2021-01-03,Lethbridge
1.6,1.6,2021-01-03,Quesnel
2.9,2.9,2021-01-03,Prince Rupert
-8.3,-8.3,2021-01-03,Atikokan
3.5,3.75,2021-01-03,Kitchener
4.9,4.9,2021-01-03,Belleville
-8.9,-8.55,2021-01-03,Saskatoon
"","",2021-01-03,Hamilton
3.3,3.3,2021-01-03,Peterborough
1.2,1.2,2021-01-03,Trois-Rivières
-2.4,-2.4,2021-01-03,Val-d’Or
-0.9,-0.9,2021-01-03,Chicoutimi
4.9,4.9,2021-01-03,Windsor
-1.2,-1.2,2021-01-03,Rivière-du-Loup
1.0,1.0,2021-01-03,Saint-Georges
5.1,5.4,2021-01-03,Toronto
4.0,4.0,2021-01-03,Montréal
4.1,4.3,2021-01-03,London
3.0,3.3,2021-01-03,Ottawa
0.4,0.4,2021-01-03,Québec
-1.3,-1.3,2021-01-03,Rimouski
0.4,0.5,2021-01-04,Quesnel
-7.6,-7.4,2021-01-04,Thunder Bay
3.1,3.45,2021-01-04,Kelowna
4.5,4.5,2021-01-04,Lillooet
2.4,2.55,2021-01-04,Medicine Hat
"","",2021-01-04,Iqaluit
-3.0,-3.0,2021-01-04,Edmundston
-6.5,-6.5,2021-01-04,Dryden
0.8,0.8333333333333334,2021-01-04,Prince George
4.2,4.25,2021-01-04,Nanaimo
-23.7,-23.65,2021-01-04,Fort Nelson
0.8,0.8,2021-01-04,Moncton
2.6,2.6,2021-01-04,Prince Rupert
6.1,6.15,2021-01-04,Victoria
-3.7,-3.55,2021-01-04,Gander
-4.7,-4.65,2021-01-04,Kenora
-5.9,-5.9,2021-01-04,Atikokan
3.3,3.3,2021-01-04,Halifax
-4.5,-3.9666666666666663,2021-01-04,Edmonton
2.4,2.5999999999999996,2021-01-04,Calgary
3.9,4.0,2021-01-04,Lethbridge
3.7,3.7,2021-01-04,Creston
3.0,5.35,2021-01-04,Vancouver
4.1,4.1,2021-01-04,Liverpool
-4.4,-4.35,2021-01-04,Winnipeg
-3.1,-3.1,2021-01-04,Red Deer
-1.0,-1.0,2021-01-04,Québec
0.2,0.30000000000000004,2021-01-04,London
-1.7,-1.7,2021-01-04,Rivière-du-Loup
0.3,0.3,2021-01-04,Montréal
1.0,1.05,2021-01-04,Belleville
1.1,1.1,2021-01-04,Windsor
2.0,2.05,2021-01-04,Toronto
-9.0,-9.0,2021-01-04,Val-d’Or
-0.9,-0.9,2021-01-04,Saint-Georges
-0.6,-0.6,2021-01-04,Rimouski
-0.2,-0.1,2021-01-04,Kitchener
-0.6,-0.6,2021-01-04,Peterborough
"","",2021-01-04,Hamilton
-0.8,-0.65,2021-01-04,Ottawa
-1.3,-1.3,2021-01-04,Trois-Rivières
-2.8,-2.75,2021-01-04,Saskatoon
-3.4,-3.4,2021-01-04,Chicoutimi
0.5,0.2333333333333333,2021-01-05,Lethbridge
3.1,3.1,2021-01-05,Prince Rupert
-7.3,-7.3,2021-01-05,Red Deer
1.4,1.9,2021-01-05,Kelowna
"","",2021-01-05,Chilliwack
-7.5,-7.45,2021-01-05,Winnipeg
-6.9,-6.85,2021-01-05,Kenora
-2.6,-1.9000000000000001,2021-01-05,Prince George
1.9,1.9,2021-01-05,Creston
-6.3,-6.3,2021-01-05,Edmundston
-4.1,-4.0,2021-01-05,Calgary
-6.2,-6.2,2021-01-05,Dryden
-4.5,-5.166666666666667,2021-01-05,Edmonton
-9.0,-1.7000000000000002,2021-01-05,Vancouver
-4.6,-4.6,2021-01-05,Thunder Bay
5.3,5.3,2021-01-05,Nanaimo
3.5,3.5,2021-01-05,Lillooet
4.5,4.5,2021-01-05,Abbotsford
-1.1,-1.1,2021-01-05,Halifax
-0.3,-0.3,2021-01-05,Liverpool
-3.5,-3.45,2021-01-05,Medicine Hat
5.0,5.35,2021-01-05,Victoria
-3.8,-3.8,2021-01-05,Gander
-26.6,-26.15,2021-01-05,Fort Nelson
-4.8,-4.8,2021-01-05,Atikokan
-2.7,-2.6500000000000004,2021-01-05,Quesnel
"","",2021-01-05,Iqaluit
-4.0,-4.0,2021-01-05,Moncton
-9.6,-9.6,2021-01-05,Chicoutimi
-7.8,-7.8,2021-01-05,Québec
-7.4,-7.4,2021-01-05,Saint-Georges
0.3,0.35,2021-01-05,Toronto
-8.6,-8.45,2021-01-05,Saskatoon
-1.6,-1.3,2021-01-05,Kitchener
-7.2,-7.2,2021-01-05,Rivière-du-Loup
1.2,1.2,2021-01-05,Windsor
-0.7,-0.5,2021-01-05,London
-2.9,-2.9,2021-01-05,Peterborough
-15.0,-15.0,2021-01-05,Val-d’Or
-8.0,-7.95,2021-01-05,Ottawa
"","",2021-01-05,Hamilton
-6.7,-6.7,2021-01-05,Trois-Rivières
-6.1,-6.1,2021-01-05,Montréal
-2.3,-2.3,2021-01-05,Belleville
-5.8,-5.8,2021-01-05,Rimouski
-5.1,-5.1,2021-01-06,Halifax
1.3,1.55,2021-01-06,Kelowna
2.0,2.0,2021-01-06,Abbotsford
-5.8,-5.699999999999999,2021-01-06,Gander
-2.4,-2.15,2021-01-06,Medicine Hat
-7.5,-7.45,2021-01-06,Winnipeg
-10.2,-9.466666666666667,2021-01-06,Edmonton
-5.3,-5.199999999999999,2021-01-06,Quesnel
-0.5,2.1,2021-01-06,Vancouver
-9.9,-9.9,2021-01-06,Edmundston
-8.0,-6.8999999999999995,2021-01-06,Prince George
-10.3,-10.3,2021-01-06,Dryden
3.5,3.65,2021-01-06,Nanaimo
3.3,3.3,2021-01-06,Chilliwack
-31.0,-30.8,2021-01-06,Fort Nelson
-4.8,-4.8,2021-01-06,Liverpool
-4.8,-4.5,2021-01-06,Calgary
-10.3,-10.25,2021-01-06,Kenora
1.3,1.3,2021-01-06,Creston
0.8,0.8,2021-01-06,Prince Rupert
-9.0,-9.0,2021-01-06,Red Deer
-7.2,-7.2,2021-01-06,Moncton
-8.9,-8.9,2021-01-06,Atikokan
2.7,2.7,2021-01-06,Lillooet
-1.5,-1.4666666666666668,2021-01-06,Lethbridge
"","",2021-01-06,Iqaluit
5.5,5.55,2021-01-06,Victoria
-10.3,-10.3,2021-01-06,Thunder Bay
-1.5,-1.4,2021-01-06,Kitchener
-10.6,-10.6,2021-01-06,Québec
-1.0,-1.0,2021-01-06,Peterborough
-7.1,-7.1,2021-01-06,Montréal
-9.9,-9.9,2021-01-06,Trois-Rivières
2.4,2.4,2021-01-06,Windsor
0.6,0.8999999999999999,2021-01-06,Toronto
-8.4,-8.15,2021-01-06,Ottawa
0.1,-0.10000000000000002,2021-01-06,Belleville
-13.3,-13.3,2021-01-06,Val-d’Or
"","",2021-01-06,Hamilton
-10.0,-10.0,2021-01-06,Saint-Georges
-14.1,-13.95,2021-01-06,Saskatoon
-10.6,-10.6,2021-01-06,Rivière-du-Loup
-10.4,-10.4,2021-01-06,Chicoutimi
-8.3,-8.3,2021-01-06,Rimouski
0.1,0.25,2021-01-06,London
1.0,4.2,2021-01-07,Vancouver
-0.7,-0.7,2021-01-07,Liverpool
-10.6,-10.5,2021-01-07,Thunder Bay
-31.9,-31.549999999999997,2021-01-07,Fort Nelson
-6.3,-6.3,2021-01-07,Moncton
-3.6,-3.55,2021-01-07,Medicine Hat
8.4,8.5,2021-01-07,Victoria
1.4,1.4,2021-01-07,Creston
-10.9,-9.133333333333333,2021-01-07,Prince George
-15.5,-15.5,2021-01-07,Kenora
-7.8,-7.75,2021-01-07,Quesnel
-9.8,-9.65,2021-01-07,Gander
-2.5,-2.5,2021-01-07,Halifax
-14.2,-14.2,2021-01-07,Dryden
-0.1,0.0,2021-01-07,Kelowna
-14.0,-13.333333333333334,2021-01-07,Edmonton
-12.5,-12.5,2021-01-07,Edmundston
0.1,0.1,2021-01-07,Lillooet
-16.4,-16.25,2021-01-07,Winnipeg
-1.4,-1.4,2021-01-07,Prince Rupert
-7.0,-6.966666666666666,2021-01-07,Lethbridge
5.3,5.3,2021-01-07,Chilliwack
-32.8,-32.8,2021-01-07,Iqaluit
-12.9,-12.9,2021-01-07,Atikokan
-11.4,-11.4,2021-01-07,Red Deer
-9.7,-9.5,2021-01-07,Calgary
7.2,7.25,2021-01-07,Nanaimo
-4.7,-4.7,2021-01-07,Peterborough
-3.9,-3.9,2021-01-07,Montréal
-7.3,-7.3,2021-01-07,Saint-Georges
1.2,1.2,2021-01-07,Windsor
"","",2021-01-07,Hamilton
-5.5,-4.1,2021-01-07,Kitchener
0.2,0.30000000000000004,2021-01-07,Toronto
-1.2,-1.0,2021-01-07,London
-7.4,-7.4,2021-01-07,Rimouski
-3.7,-3.6,2021-01-07,Ottawa
-25.5,-25.4,2021-01-07,Saskatoon
-6.5,-6.5,2021-01-07,Trois-Rivières
-9.1,-9.1,2021-01-07,Rivière-du-Loup
-1.8,-1.8,2021-01-07,Belleville
-8.3,-8.3,2021-01-07,Val-d’Or
-10.0,-10.0,2021-01-07,Chicoutimi
-7.4,-7.4,2021-01-07,Québec
-15.6,-15.366666666666667,2021-01-08,Edmonton
-4.7,-4.65,2021-01-08,Medicine Hat
-10.7,-10.649999999999999,2021-01-08,Calgary
-14.3,-14.3,2021-01-08,Red Deer
-18.7,-18.4,2021-01-08,Thunder Bay
3.3,3.3,2021-01-08,Creston
4.3,4.3,2021-01-08,Chilliwack
3.0,3.0,2021-01-08,Abbotsford
-10.6,-9.066666666666666,2021-01-08,Prince George
-1.7,-1.7,2021-01-08,Prince Rupert
-1.9,-1.9,2021-01-08,Liverpool
-27.7,-27.5,2021-01-08,Fort Nelson
3.0,3.85,2021-01-08,Victoria
-0.3,-0.3,2021-01-08,Lillooet
-20.5,-20.5,2021-01-08,Winnipeg
-9.9,-9.75,2021-01-08,Quesnel
-2.4,-1.5499999999999998,2021-01-08,Kelowna
-22.2,-22.2,2021-01-08,Atikokan
-22.6,-22.6,2021-01-08,Dryden
-3.9,-3.766666666666667,2021-01-08,Lethbridge
-5.2,-5.15,2021-01-08,Gander
"","",2021-01-08,Edmundston
-1.5,-1.5,2021-01-08,Halifax
-6.6,-6.6,2021-01-08,Moncton
2.5,2.55,2021-01-08,Nanaimo
-26.9,-26.9,2021-01-08,Iqaluit
-21.9,-21.7,2021-01-08,Kenora
"","",2021-01-08,Vancouver
-9.4,-9.4,2021-01-08,Chicoutimi
-6.9,-6.9,2021-01-08,Saint-Georges
-6.7,-6.7,2021-01-08,Trois-Rivières
-3.6,-3.5,2021-01-08,Toronto
-8.2,-8.2,2021-01-08,Ottawa
-14.0,-14.0,2021-01-08,Val-d’Or
-7.5,-7.5,2021-01-08,Rimouski
-8.8,-8.8,2021-01-08,Peterborough
-5.5,-5.5,2021-01-08,Kitchener
-6.4,-6.4,2021-01-08,Windsor
-6.7,-6.7,2021-01-08,Québec
-4.5,-4.35,2021-01-08,London
-5.5,-5.5,2021-01-08,Montréal
-16.2,-16.1,2021-01-08,Saskatoon
-5.6,-4.733333333333333,2021-01-08,Belleville
"","",2021-01-08,Hamilton
-8.2,-8.2,2021-01-08,Rivière-du-Loup
-16.1,-15.9,2021-01-09,Calgary
-23.6,-23.166666666666668,2021-01-09,Edmonton
-9.7,-9.7,2021-01-09,Atikokan
-7.7,-7.7,2021-01-09,Halifax
"","",2021-01-09,Iqaluit
-7.1,-7.1,2021-01-09,Liverpool
-12.1,-11.066666666666668,2021-01-09,Prince George
-16.8,-16.75,2021-01-09,Medicine Hat
-8.5,-8.35,2021-01-09,Thunder Bay
-3.7,-3.7,2021-01-09,Creston
2.4,3.2,2021-01-09,Victoria
-7.8,-7.75,2021-01-09,Gander
-13.1,-13.05,2021-01-09,Kenora
-8.6,-7.35,2021-01-09,Kelowna
-10.4,-10.4,2021-01-09,Moncton
-15.2,-15.2,2021-01-09,Edmundston
-3.0,-3.0,2021-01-09,Vancouver
-23.5,-23.5,2021-01-09,Red Deer
-15.3,-15.2,2021-01-09,Winnipeg
0.9,0.9,2021-01-09,Prince Rupert
1.8,1.8,2021-01-09,Abbotsford
-12.5,-12.5,2021-01-09,Dryden
-3.3,-3.3,2021-01-09,Lillooet
-28.4,-28.1,2021-01-09,Fort Nelson
-7.5,-7.5,2021-01-09,Quesnel
3.5,3.5,2021-01-09,Chilliwack
1.4,1.4,2021-01-09,Nanaimo
-17.1,-17.366666666666667,2021-01-09,Lethbridge
-12.8,-12.8,2021-01-09,Rivière-du-Loup
-3.4,-3.3,2021-01-09,Toronto
-21.7,-21.7,2021-01-09,Val-d’Or
-10.5,-10.5,2021-01-09,Rimouski
-24.1,-23.8,2021-01-09,Saskatoon
-1.5,-1.5,2021-01-09,Windsor
-13.8,-13.8,2021-01-09,Trois-Rivières
-17.9,-17.9,2021-01-09,Chicoutimi
-12.8,-12.8,2021-01-09,Montréal
-13.6,-13.6,2021-01-09,Saint-Georges
-11.1,-11.1,2021-01-09,Peterborough
-6.5,-5.333333333333333,2021-01-09,Belleville
-2.8,-2.7,2021-01-09,London
-14.4,-14.3,2021-01-09,Ottawa
-4.2,-4.2,2021-01-09,Kitchener
"","",2021-01-09,Hamilton
-13.0,-13.0,2021-01-09,Québec
-19.3,-19.3,2021-01-10,Atikokan
-6.7,-6.050000000000001,2021-01-10,Kelowna
"","",2021-01-10,Chilliwack
-22.5,-22.5,2021-01-10,Red Deer
-29.8,-29.75,2021-01-10,Fort Nelson
5.5,5.55,2021-01-10,Victoria
2.2,2.2,2021-01-10,Prince Rupert
-5.2,-5.15,2021-01-10,Quesnel
-10.2,-10.1,2021-01-10,Gander
-6.0,-6.0,2021-01-10,Creston
-27.5,-27.5,2021-01-10,Iqaluit
-5.3,-5.3,2021-01-10,Halifax
-6.6,-6.6,2021-01-10,Moncton
0.0,0.0,2021-01-10,Abbotsford
-13.6,-13.55,2021-01-10,Medicine Hat
-24.5,-23.96666666666667,2021-01-10,Edmonton
-20.1,-19.9,2021-01-10,Kenora
-14.0,-14.166666666666666,2021-01-10,Lethbridge
-1.8,-1.8,2021-01-10,Lillooet
-3.3,-3.3,2021-01-10,Vancouver
-21.1,-21.05,2021-01-10,Winnipeg
-13.9,-13.75,2021-01-10,Calgary
3.3,3.3499999999999996,2021-01-10,Nanaimo
-19.1,-19.1,2021-01-10,Dryden
-3.0,-3.0,2021-01-10,Liverpool
-10.2,-10.2,2021-01-10,Edmundston
-8.9,-8.033333333333333,2021-01-10,Prince George
-11.0,-10.95,2021-01-10,Thunder Bay
3.3,4.1,2021-01-10,Kitchener
-9.4,-9.4,2021-01-10,Chicoutimi
"","",2021-01-10,Hamilton
5.5,5.6,2021-01-10,London
-3.3,-3.25,2021-01-10,Ottawa
-6.3,-6.3,2021-01-10,Québec
-5.6,-5.6,2021-01-10,Saint-Georges
2.6,2.6,2021-01-10,Peterborough
-6.3,-6.3,2021-01-10,Rimouski
-26.5,-26.4,2021-01-10,Saskatoon
-5.3,-5.3,2021-01-10,Val-d’Or
3.0,3.0,2021-01-10,Belleville
4.2,4.800000000000001,2021-01-10,Toronto
-5.0,-5.0,2021-01-10,Trois-Rivières
-3.4,-3.4,2021-01-10,Montréal
-6.7,-6.7,2021-01-10,Rivière-du-Loup
7.5,7.5,2021-01-10,Windsor
-28.3,-28.3,2021-01-11,Iqaluit
-15.5,-15.4,2021-01-11,Calgary
1.5,1.5,2021-01-11,Abbotsford
1.0,1.0,2021-01-11,Vancouver
-20.3,-20.3,2021-01-11,Red Deer
-0.7,-0.44999999999999996,2021-01-11,Kelowna
4.6,4.699999999999999,2021-01-11,Nanaimo
-7.8,-7.933333333333334,2021-01-11,Lethbridge
6.7,6.7,2021-01-11,Halifax
5.4,5.4,2021-01-11,Victoria
-2.1,-2.05,2021-01-11,Gander
-31.4,-31.0,2021-01-11,Fort Nelson
-2.1,-2.1,2021-01-11,Creston
-1.7,-1.7,2021-01-11,Edmundston
7.6,7.6,2021-01-11,Liverpool
-26.0,-26.0,2021-01-11,Dryden
-20.7,-20.5,2021-01-11,Edmonton
-1.3,-1.3,2021-01-11,Prince Rupert
-22.0,-21.95,2021-01-11,Winnipeg
-17.7,-16.8,2021-01-11,Prince George
0.8,0.8,2021-01-11,Lillooet
-21.2,-21.0,2021-01-11,Thunder Bay
-9.6,-9.6,2021-01-11,Medicine Hat
-23.5,-23.4,2021-01-11,Kenora
-11.7,-11.7,2021-01-11,Quesnel
5.4,5.4,2021-01-11,Moncton
-24.7,-24.7,2021-01-11,Atikokan
-11.2,-11.2,2021-01-11,Val-d’Or
4.4,4.4,2021-01-11,Saint-Georges
6.4,6.4,2021-01-11,Windsor
-16.0,-16.0,2021-01-11,Saskatoon
-6.1,-6.1,2021-01-11,Chicoutimi
-1.8,-1.8,2021-01-11,Trois-Rivières
4.8,4.8,2021-01-11,Peterborough
"","",2021-01-11,Hamilton
1.7,1.7,2021-01-11,Montréal
7.0,7.0,2021-01-11,Toronto
7.1,7.15,2021-01-11,London
6.0,6.15,2021-01-11,Kitchener
-3.3,-3.3,2021-01-11,Rivière-du-Loup
3.0,3.0,2021-01-11,Ottawa
5.6,5.65,2021-01-11,Belleville
-2.9,-2.9,2021-01-11,Rimouski
-1.1,-1.1,2021-01-11,Québec
-17.8,-17.6,2021-01-12,Thunder Bay
-3.7,-3.7,2021-01-12,Moncton
-19.6,-19.6,2021-01-12,Quesnel
-20.3,-20.3,2021-01-12,Lethbridge
2.4,2.45,2021-01-12,Victoria
-0.8,-0.8,2021-01-12,Abbotsford
-22.7,-22.6,2021-01-12,Calgary
-15.3,-15.3,2021-01-12,Kenora
-7.1,-6.949999999999999,2021-01-12,Kelowna
0.1,0.1,2021-01-12,Creston
-26.3,-24.266666666666666,2021-01-12,Prince George
-13.9,-13.9,2021-01-12,Edmundston
2.0,2.25,2021-01-12,Nanaimo
2.9,2.9,2021-01-12,Halifax
2.5,2.5,2021-01-12,Vancouver
-23.7,-23.7,2021-01-12,Red Deer
"","",2021-01-12,Chilliwack
-13.0,-12.9,2021-01-12,Winnipeg
-5.8,-5.75,2021-01-12,Gander
-7.9,-7.9,2021-01-12,Prince Rupert
-6.9,-6.9,2021-01-12,Lillooet
-25.3,-25.099999999999998,2021-01-12,Edmonton
-17.9,-17.9,2021-01-12,Dryden
-19.9,-19.799999999999997,2021-01-12,Medicine Hat
-28.7,-28.4,2021-01-12,Fort Nelson
-25.5,-25.5,2021-01-12,Iqaluit
-20.3,-20.3,2021-01-12,Atikokan
3.9,3.9,2021-01-12,Liverpool
-2.5,-2.5,2021-01-12,Windsor
-7.3,-7.3,2021-01-12,Québec
-21.2,-21.15,2021-01-12,Saskatoon
-7.0,-7.0,2021-01-12,Montréal
-9.5,-9.5,2021-01-12,Rimouski
-3.5,-3.5,2021-01-12,Belleville
-10.5,-10.5,2021-01-12,Rivière-du-Loup
-1.2,-1.15,2021-01-12,London
-6.8,-6.6,2021-01-12,Ottawa
-4.0,-3.6,2021-01-12,Kitchener
-20.4,-20.4,2021-01-12,Val-d’Or
-15.8,-15.8,2021-01-12,Chicoutimi
-6.7,-6.7,2021-01-12,Peterborough
"","",2021-01-12,Hamilton
-9.0,-9.0,2021-01-12,Trois-Rivières
-8.4,-8.4,2021-01-12,Saint-Georges
-1.5,-1.5,2021-01-12,Toronto
-3.8,-3.8,2021-01-13,Creston
-30.8,-30.6,2021-01-13,Fort Nelson
-15.9,-15.9,2021-01-13,Lillooet
-11.1,-11.1,2021-01-13,Dryden
-3.3,-3.0999999999999996,2021-01-13,Victoria
-11.3,-11.2,2021-01-13,Gander
-31.8,-30.133333333333336,2021-01-13,Prince George
-3.8,-3.4,2021-01-13,Nanaimo
-28.4,-28.299999999999997,2021-01-13,Quesnel
-9.3,-9.3,2021-01-13,Atikokan
-24.7,-24.5,2021-01-13,Medicine Hat
-18.1,-17.25,2021-01-13,Kelowna
-28.4,-28.0,2021-01-13,Calgary
-6.6,-6.55,2021-01-13,Thunder Bay
-22.0,-22.0,2021-01-13,Iqaluit
-18.8,-18.8,2021-01-13,Edmundston
-9.0,-9.0,2021-01-13,Chilliwack
-10.0,-10.0,2021-01-13,Prince Rupert
-5.0,-5.0,2021-01-13,Vancouver
-8.3,-8.3,2021-01-13,Moncton
-3.9,-3.9,2021-01-13,Halifax
-2.4,-2.4,2021-01-13,Liverpool
-25.2,-25.066666666666666,2021-01-13,Lethbridge
-9.3,-9.25,2021-01-13,Kenora
-29.6,-29.53333333333333,2021-01-13,Edmonton
-7.8,-7.699999999999999,2021-01-13,Winnipeg
-31.1,-31.1,2021-01-13,Red Deer
-17.0,-17.0,2021-01-13,Chicoutimi
"","",2021-01-13,Hamilton
-11.8,-11.8,2021-01-13,Saint-Georges
-12.9,-12.9,2021-01-13,Rivière-du-Loup
-19.4,-19.4,2021-01-13,Val-d’Or
-8.6,-8.6,2021-01-13,Montréal
0.6,0.6,2021-01-13,Windsor
-11.1,-11.1,2021-01-13,Québec
-9.2,-9.0,2021-01-13,Ottawa
-0.6,-0.44999999999999996,2021-01-13,London
-5.3,-5.25,2021-01-13,Belleville
-2.0,-1.9,2021-01-13,Kitchener
-11.2,-11.2,2021-01-13,Rimouski
-1.0,-0.85,2021-01-13,Toronto
-28.0,-27.95,2021-01-13,Saskatoon
-6.7,-6.7,2021-01-13,Peterborough
-10.7,-10.7,2021-01-13,Trois-Rivières
-28.0,-28.0,2021-01-14,Iqaluit
-30.5,-30.15,2021-01-14,Calgary
-12.8,-12.7,2021-01-14,Gander
-1.9,-1.9,2021-01-14,Halifax
-34.7,-34.166666666666664,2021-01-14,Edmonton
-13.0,-12.95,2021-01-14,Kenora
"","",2021-01-14,Vancouver
-9.8,-9.8,2021-01-14,Creston
-2.8,-2.8,2021-01-14,Liverpool
-4.8,-4.75,2021-01-14,Nanaimo
-16.5,-16.45,2021-01-14,Winnipeg
-32.7,-32.0,2021-01-14,Prince George
-10.5,-10.5,2021-01-14,Chilliwack
-18.7,-18.7,2021-01-14,Lillooet
-10.9,-10.9,2021-01-14,Dryden
-7.8,-7.8,2021-01-14,Atikokan
-27.9,-27.633333333333336,2021-01-14,Lethbridge
-16.3,-16.3,2021-01-14,Edmundston
-35.7,-35.7,2021-01-14,Red Deer
-3.8,-3.75,2021-01-14,Victoria
-19.3,-18.3,2021-01-14,Kelowna
-36.7,-36.400000000000006,2021-01-14,Fort Nelson
-13.0,-13.0,2021-01-14,Prince Rupert
-33.8,-33.7,2021-01-14,Quesnel
-6.3,-6.3,2021-01-14,Moncton
-2.7,-2.6,2021-01-14,Thunder Bay
-26.6,-26.3,2021-01-14,Medicine Hat
"","",2021-01-14,Toronto
-5.0,-5.0,2021-01-14,Peterborough
-7.6,-7.5,2021-01-14,Ottawa
-10.1,-10.1,2021-01-14,Trois-Rivières
-18.2,-18.2,2021-01-14,Val-d’Or
-11.6,-11.6,2021-01-14,Rivière-du-Loup
-3.9,-3.9,2021-01-14,Belleville
1.0,1.15,2021-01-14,London
"","",2021-01-14,Hamilton
-12.1,-12.1,2021-01-14,Québec
-1.3,-0.4,2021-01-14,Kitchener
-12.2,-12.2,2021-01-14,Rimouski
2.3,2.3,2021-01-14,Windsor
-30.4,-30.25,2021-01-14,Saskatoon
-9.9,-9.9,2021-01-14,Saint-Georges
-15.2,-15.2,2021-01-14,Chicoutimi
-6.8,-6.8,2021-01-14,Montréal
-36.8,-36.55,2021-01-15,Fort Nelson
"","",2021-01-15,Chilliwack
-34.5,-34.5,2021-01-15,Edmonton
-4.5,-4.5,2021-01-15,Moncton
-30.2,-29.95,2021-01-15,Calgary
-11.0,-11.0,2021-01-15,Abbotsford
-6.6,-6.6,2021-01-15,Creston
-12.8,-12.8,2021-01-15,Prince Rupert
-18.9,-18.9,2021-01-15,Dryden
-14.6,-14.6,2021-01-15,Atikokan
-9.0,-4.65,2021-01-15,Vancouver
0.0,0.0,2021-01-15,Liverpool
-14.0,-13.85,2021-01-15,Gander
-1.4,-1.4,2021-01-15,Halifax
-30.3,-30.366666666666664,2021-01-15,Lethbridge
-22.1,-22.1,2021-01-15,Kenora
-27.9,-27.5,2021-01-15,Medicine Hat
-25.3,-25.25,2021-01-15,Winnipeg
-8.7,-8.7,2021-01-15,Edmundston
-7.2,-7.2,2021-01-15,Thunder Bay
-34.1,-32.4,2021-01-15,Prince George
-16.8,-16.75,2021-01-15,Kelowna
-30.7,-30.7,2021-01-15,Iqaluit
-34.2,-34.150000000000006,2021-01-15,Quesnel
-2.7,-1.6,2021-01-15,Nanaimo
-0.3,-0.09999999999999999,2021-01-15,Victoria
-20.4,-20.4,2021-01-15,Lillooet
-35.9,-35.9,2021-01-15,Red Deer
-7.9,-7.9,2021-01-15,Rimouski
0.3,0.35,2021-01-15,Belleville
3.6,3.6,2021-01-15,Toronto
-3.0,-2.95,2021-01-15,Ottawa
-5.3,-5.3,2021-01-15,Québec
1.0,1.0,2021-01-15,Kitchener
0.4,0.4,2021-01-15,Windsor
-6.3,-6.3,2021-01-15,Val-d’Or
0.2,0.2,2021-01-15,Peterborough
-4.4,-4.4,2021-01-15,Saint-Georges
-9.8,-9.8,2021-01-15,Chicoutimi
-3.2,-3.2,2021-01-15,Montréal
-8.2,-8.2,2021-01-15,Rivière-du-Loup
-3.9,-3.9,2021-01-15,Trois-Rivières
"","",2021-01-15,Hamilton
-34.2,-34.1,2021-01-15,Saskatoon
2.2,2.2,2021-01-15,London
-25.2,-25.2,2021-01-16,Dryden
-30.4,-30.4,2021-01-16,Iqaluit
-5.5,-5.5,2021-01-16,Abbotsford
"","",2021-01-16,Chilliwack
-29.5,-29.5,2021-01-16,Red Deer
-17.7,-17.6,2021-01-16,Thunder Bay
-35.9,-35.9,2021-01-16,Fort Nelson
-9.8,-9.8,2021-01-16,Edmundston
-19.8,-19.8,2021-01-16,Lillooet
-22.4,-22.933333333333334,2021-01-16,Prince George
-26.7,-26.7,2021-01-16,Lethbridge
1.6,2.35,2021-01-16,Victoria
-2.8,-2.8,2021-01-16,Liverpool
-23.2,-23.2,2021-01-16,Quesnel
-8.2,-8.1,2021-01-16,Gander
-0.1,0.2,2021-01-16,Nanaimo
-25.6,-25.4,2021-01-16,Medicine Hat
-24.6,-24.6,2021-01-16,Atikokan
-12.3,-12.2,2021-01-16,Kelowna
-10.7,-10.7,2021-01-16,Prince Rupert
-25.5,-25.15,2021-01-16,Kenora
-28.5,-28.45,2021-01-16,Calgary
-31.0,-30.733333333333334,2021-01-16,Edmonton
-4.6,-4.6,2021-01-16,Creston
-4.0,-0.6000000000000001,2021-01-16,Vancouver
-27.9,-27.85,2021-01-16,Winnipeg
-6.9,-6.9,2021-01-16,Moncton
"","",2021-01-16,Halifax
"","",2021-01-16,Hamilton
-4.6,-3.4499999999999997,2021-01-16,Kitchener
-9.8,-9.8,2021-01-16,Trois-Rivières
-3.8,-3.65,2021-01-16,London
-15.9,-15.9,2021-01-16,Chicoutimi
-9.5,-9.3,2021-01-16,Ottawa
-29.6,-29.5,2021-01-16,Saskatoon
-3.9,-3.7,2021-01-16,Toronto
-1.4,-1.4,2021-01-16,Windsor
"","",2021-01-16,Saint-Georges
-17.8,-17.8,2021-01-16,Val-d’Or
-7.6,-7.6,2021-01-16,Peterborough
-7.2,-7.2,2021-01-16,Montréal
-11.4,-11.4,2021-01-16,Rivière-du-Loup
-6.3,-6.3,2021-01-16,Belleville
-10.8,-10.8,2021-01-16,Rimouski
-10.3,-10.3,2021-01-16,Québec
"","",2021-01-17,Chilliwack
"","",2021-01-17,Halifax
-15.9,-15.8,2021-01-17,Thunder Bay
-16.4,-16.4,2021-01-17,Lillooet
-1.5,-1.5,2021-01-17,Creston
-26.8,-26.8,2021-01-17,Red Deer
-25.5,-25.0,2021-01-17,Medicine Hat
-25.8,-25.75,2021-01-17,Quesnel
-21.0,-21.0,2021-01-17,Edmundston
-15.9,-15.9,2021-01-17,Kenora
-8.8,-8.8,2021-01-17,Gander
-5.5,-5.5,2021-01-17,Abbotsford
-18.2,-18.2,2021-01-17,Dryden
-9.8,-9.8,2021-01-17,Liverpool
-14.3,-14.3,2021-01-17,Moncton
-24.3,-24.3,2021-01-17,Iqaluit
-25.2,-25.049999999999997,2021-01-17,Calgary
-29.9,-29.75,2021-01-17,Fort Nelson
-4.8,-4.8,2021-01-17,Prince Rupert
-26.5,-26.2,2021-01-17,Edmonton
-26.4,-25.066666666666666,2021-01-17,Prince George
-18.2,-18.2,2021-01-17,Atikokan
-7.0,-1.95,2021-01-17,Vancouver
-3.5,-3.45,2021-01-17,Nanaimo
-14.3,-14.2,2021-01-17,Winnipeg
-24.0,-24.400000000000002,2021-01-17,Lethbridge
0.7,1.5,2021-01-17,Victoria
-8.3,-8.0,2021-01-17,Kelowna
-17.7,-17.7,2021-01-17,Trois-Rivières
-10.4,-9.850000000000001,2021-01-17,Kitchener
-17.1,-17.1,2021-01-17,Rimouski
-9.2,-8.899999999999999,2021-01-17,London
-18.7,-18.7,2021-01-17,Québec
-16.9,-16.9,2021-01-17,Montréal
-19.8,-19.8,2021-01-17,Saint-Georges
-10.2,-10.05,2021-01-17,Toronto
-24.4,-24.4,2021-01-17,Chicoutimi
-19.6,-19.6,2021-01-17,Rivière-du-Loup
-14.6,-14.6,2021-01-17,Belleville
-15.5,-15.5,2021-01-17,Peterborough
-20.7,-20.65,2021-01-17,Saskatoon
-5.3,-5.3,2021-01-17,Windsor
"","",2021-01-17,Hamilton
-22.7,-22.7,2021-01-17,Val-d’Or
-18.6,-18.25,2021-01-17,Ottawa
-12.7,-12.7,2021-01-18,Halifax
-1.3,-1.3,2021-01-18,Abbotsford
-5.8,-5.8,2021-01-18,Atikokan
-26.9,-26.549999999999997,2021-01-18,Medicine Hat
-6.3,-6.3,2021-01-18,Kelowna
"","",2021-01-18,Dryden
-26.6,-25.633333333333336,2021-01-18,Edmonton
-23.2,-23.2,2021-01-18,Edmundston
-10.1,-10.05,2021-01-18,Kenora
-10.4,-10.4,2021-01-18,Liverpool
-26.7,-26.7,2021-01-18,Iqaluit
-11.8,-11.7,2021-01-18,Winnipeg
-24.9,-24.600000000000005,2021-01-18,Lethbridge
6.1,6.15,2021-01-18,Victoria
-28.3,-27.9,2021-01-18,Fort Nelson
-27.5,-27.5,2021-01-18,Red Deer
3.2,3.25,2021-01-18,Nanaimo
-1.5,1.5499999999999998,2021-01-18,Vancouver
-23.7,-23.6,2021-01-18,Calgary
-17.5,-17.5,2021-01-18,Moncton
0.7,0.7,2021-01-18,Prince Rupert
-23.4,-21.7,2021-01-18,Prince George
-12.4,-12.350000000000001,2021-01-18,Gander
-5.5,-5.5,2021-01-18,Thunder Bay
-4.7,-4.7,2021-01-18,Creston
-12.9,-12.9,2021-01-18,Lillooet
-22.4,-22.35,2021-01-18,Quesnel
-22.1,-22.1,2021-01-18,Chicoutimi
-18.5,-18.5,2021-01-18,Québec
-11.6,-11.6,2021-01-18,Peterborough
-2.5,-2.45,2021-01-18,London
-8.0,-7.95,2021-01-18,Belleville
-16.0,-16.0,2021-01-18,Trois-Rivières
-2.5,-2.1,2021-01-18,Toronto
-18.9,-18.9,2021-01-18,Rimouski
-4.3,-3.8499999999999996,2021-01-18,Kitchener
"","",2021-01-18,Hamilton
-19.3,-19.3,2021-01-18,Saint-Georges
0.2,0.2,2021-01-18,Windsor
-21.1,-21.1,2021-01-18,Rivière-du-Loup
-15.0,-15.0,2021-01-18,Montréal
-20.2,-20.2,2021-01-18,Val-d’Or
-25.4,-25.4,2021-01-18,Saskatoon
-16.6,-15.850000000000001,2021-01-18,Ottawa
-4.0,-4.0,2021-01-19,Lillooet
3.5,3.8,2021-01-19,Nanaimo
-5.5,-5.6000000000000005,2021-01-19,Prince George
1.5,4.15,2021-01-19,Vancouver
-23.1,-23.1,2021-01-19,Iqaluit
-17.9,-17.9,2021-01-19,Atikokan
-14.5,-14.5,2021-01-19,Edmundston
-3.1,-2.3,2021-01-19,Kelowna
-1.2,-1.2,2021-01-19,Creston
-5.3,-5.25,2021-01-19,Quesnel
-14.3,-14.3,2021-01-19,Dryden
-14.5,-13.65,2021-01-19,Thunder Bay
6.5,7.05,2021-01-19,Victoria
-18.9,-18.9,2021-01-19,Red Deer
-8.4,-8.25,2021-01-19,Calgary
-21.6,-21.450000000000003,2021-01-19,Winnipeg
-21.7,-21.266666666666666,2021-01-19,Edmonton
-9.7,-9.7,2021-01-19,Moncton
3.0,3.0,2021-01-19,Abbotsford
-0.2,-0.2,2021-01-19,Liverpool
-9.3,-9.3,2021-01-19,Lethbridge
"","",2021-01-19,Chilliwack
-12.2,-12.2,2021-01-19,Gander
-27.7,-27.299999999999997,2021-01-19,Fort Nelson
3.7,3.7,2021-01-19,Prince Rupert
-15.8,-15.8,2021-01-19,Medicine Hat
-15.0,-14.9,2021-01-19,Kenora
-5.0,-5.0,2021-01-19,Halifax
-4.5,-4.35,2021-01-19,Toronto
-14.2,-14.2,2021-01-19,Rimouski
-10.9,-10.9,2021-01-19,Montréal
-12.6,-12.6,2021-01-19,Trois-Rivières
-17.2,-17.2,2021-01-19,Val-d’Or
-8.4,-7.7,2021-01-19,Kitchener
-12.3,-11.95,2021-01-19,Ottawa
-12.6,-12.6,2021-01-19,Saint-Georges
-9.6,-9.6,2021-01-19,Peterborough
-25.4,-25.35,2021-01-19,Saskatoon
"","",2021-01-19,Hamilton
-16.7,-16.7,2021-01-19,Chicoutimi
-6.5,-6.3,2021-01-19,London
-15.2,-15.2,2021-01-19,Rivière-du-Loup
-12.1,-12.1,2021-01-19,Québec
-5.8,-5.8,2021-01-19,Windsor
-9.9,-9.9,2021-01-19,Belleville
3.8,3.8,2021-01-20,Prince Rupert
7.8,7.85,2021-01-20,Victoria
-13.2,-13.066666666666668,2021-01-20,Edmonton
1.6,1.75,2021-01-20,Calgary
-17.3,-17.3,2021-01-20,Dryden
-5.9,-5.9,2021-01-20,Halifax
0.8,1.9333333333333333,2021-01-20,Prince George
3.4,3.4,2021-01-20,Lillooet
4.1,4.199999999999999,2021-01-20,Nanaimo
-8.0,-7.9,2021-01-20,Gander
-23.1,-22.8,2021-01-20,Fort Nelson
-15.0,-14.95,2021-01-20,Thunder Bay
-19.2,-19.2,2021-01-20,Edmundston
-22.8,-22.75,2021-01-20,Winnipeg
-0.3,-0.3,2021-01-20,Creston
-4.9,-4.9,2021-01-20,Red Deer
0.6,0.4666666666666666,2021-01-20,Lethbridge
5.0,5.0,2021-01-20,Abbotsford
1.5,1.7,2021-01-20,Quesnel
-0.1,0.45,2021-01-20,Kelowna
-0.3,-0.3,2021-01-20,Chilliwack
-28.2,-28.2,2021-01-20,Iqaluit
-3.6,-3.25,2021-01-20,Medicine Hat
2.5,5.05,2021-01-20,Vancouver
-10.2,-10.2,2021-01-20,Moncton
-19.7,-19.7,2021-01-20,Kenora
-5.7,-5.7,2021-01-20,Liverpool
-21.3,-21.3,2021-01-20,Atikokan
-17.6,-17.6,2021-01-20,Val-d’Or
-13.0,-13.0,2021-01-20,Peterborough
-6.5,-6.5,2021-01-20,Windsor
-19.7,-19.7,2021-01-20,Chicoutimi
-11.6,-11.55,2021-01-20,Saskatoon
-12.3,-11.850000000000001,2021-01-20,London
-14.6,-14.6,2021-01-20,Rimouski
-8.9,-8.7,2021-01-20,Toronto
"","",2021-01-20,Hamilton
-13.6,-13.6,2021-01-20,Montréal
-15.1,-15.1,2021-01-20,Québec
-12.0,-11.95,2021-01-20,Belleville
-14.9,-14.75,2021-01-20,Ottawa
-11.6,-10.8,2021-01-20,Kitchener
-15.0,-15.0,2021-01-20,Trois-Rivières
-16.6,-16.6,2021-01-20,Rivière-du-Loup
-15.5,-15.5,2021-01-20,Saint-Georges
-1.6,-0.8,2021-01-21,Kelowna
-0.4,-0.4,2021-01-21,Creston
-32.6,-32.6,2021-01-21,Iqaluit
5.5,5.5,2021-01-21,Abbotsford
4.8,5.05,2021-01-21,Nanaimo
-12.6,-12.5,2021-01-21,Thunder Bay
"","",2021-01-21,Dryden
4.8,4.466666666666666,2021-01-21,Lethbridge
0.0,4.0,2021-01-21,Vancouver
-9.1,-9.1,2021-01-21,Liverpool
-12.9,-12.850000000000001,2021-01-21,Winnipeg
-2.7,-2.6,2021-01-21,Prince George
-1.0,-0.8,2021-01-21,Calgary
7.9,8.05,2021-01-21,Victoria
2.6,2.6,2021-01-21,Lillooet
-5.0,-5.0,2021-01-21,Red Deer
-11.0,-11.0,2021-01-21,Halifax
-12.6,-12.5,2021-01-21,Gander
6.8,6.8,2021-01-21,Chilliwack
-2.3,-1.9,2021-01-21,Quesnel
-1.2,-1.2,2021-01-21,Medicine Hat
-20.5,-20.5,2021-01-21,Edmundston
5.5,5.5,2021-01-21,Prince Rupert
-9.4,-9.4,2021-01-21,Atikokan
-11.1,-11.1,2021-01-21,Kenora
-5.0,-5.633333333333333,2021-01-21,Edmonton
-20.6,-20.15,2021-01-21,Fort Nelson
-16.3,-16.3,2021-01-21,Moncton
-14.4,-14.4,2021-01-21,Trois-Rivières
-12.5,-11.8,2021-01-21,Ottawa
-15.3,-15.3,2021-01-21,Québec
-7.1,-6.85,2021-01-21,London
-13.9,-13.9,2021-01-21,Chicoutimi
-6.8,-6.8,2021-01-21,Kitchener
-12.6,-12.6,2021-01-21,Val-d’Or
-14.4,-14.4,2021-01-21,Rimouski
-12.1,-12.05,2021-01-21,Belleville
-4.7,-4.45,2021-01-21,Toronto
-4.6,-4.6,2021-01-21,Windsor
-7.8,-7.75,2021-01-21,Saskatoon
-17.2,-17.2,2021-01-21,Rivière-du-Loup
-9.3,-9.3,2021-01-21,Montréal
-17.6,-17.6,2021-01-21,Saint-Georges
"","",2021-01-21,Hamilton
-12.7,-12.7,2021-01-21,Peterborough
-6.5,-6.5,2021-01-22,Atikokan
5.3,5.3,2021-01-22,Prince Rupert
-7.3,-7.5,2021-01-22,Edmonton
-4.5,-4.45,2021-01-22,Thunder Bay
"","",2021-01-22,Dryden
-6.6,-6.6,2021-01-22,Liverpool
0.9,0.9,2021-01-22,Calgary
-6.9,-6.85,2021-01-22,Kenora
6.9,6.9,2021-01-22,Victoria
-2.0,-1.4666666666666666,2021-01-22,Prince George
-13.2,-13.2,2021-01-22,Moncton
-16.7,-16.05,2021-01-22,Fort Nelson
2.7,2.7,2021-01-22,Creston
1.6,2.1,2021-01-22,Kelowna
-1.1,-1.05,2021-01-22,Quesnel
4.8,4.8,2021-01-22,Chilliwack
-31.0,-31.0,2021-01-22,Iqaluit
4.3,4.3,2021-01-22,Abbotsford
2.8,2.8,2021-01-22,Lillooet
-8.8,-8.8,2021-01-22,Halifax
0.5,3.6,2021-01-22,Vancouver
3.7,3.5666666666666664,2021-01-22,Lethbridge
-3.2,-3.2,2021-01-22,Red Deer
-1.9,-1.7999999999999998,2021-01-22,Medicine Hat
-10.2,-10.149999999999999,2021-01-22,Winnipeg
-8.7,-8.7,2021-01-22,Edmundston
2.6,2.95,2021-01-22,Nanaimo
-13.4,-13.350000000000001,2021-01-22,Gander
-3.5,-3.5,2021-01-22,Val-d’Or
-3.3,-3.25,2021-01-22,Ottawa
-1.3,-1.3,2021-01-22,Montréal
-4.7,-4.7,2021-01-22,Trois-Rivières
-2.3,-2.15,2021-01-22,Belleville
"","",2021-01-22,Hamilton
-11.0,-10.75,2021-01-22,Saskatoon
-7.0,-7.0,2021-01-22,Québec
-7.0,-7.0,2021-01-22,Saint-Georges
-6.7,-6.7,2021-01-22,Peterborough
-6.6,-6.6,2021-01-22,Rivière-du-Loup
-2.0,-2.0,2021-01-22,Toronto
-3.5,-3.5,2021-01-22,Windsor
-5.8,-5.5,2021-01-22,Kitchener
-5.2,-5.050000000000001,2021-01-22,London
-7.4,-7.4,2021-01-22,Chicoutimi
-6.3,-6.3,2021-01-22,Rimouski
2.8,2.8499999999999996,2021-01-23,Kelowna
-2.3,-2.3,2021-01-23,Moncton
-14.9,-14.55,2021-01-23,Fort Nelson
2.1,2.1999999999999997,2021-01-23,Lethbridge
4.2,4.2,2021-01-23,Lillooet
5.5,5.5,2021-01-23,Abbotsford
"","",2021-01-23,Chilliwack
8.3,8.45,2021-01-23,Victoria
-5.6,-6.433333333333333,2021-01-23,Edmonton
3.1,3.3,2021-01-23,Quesnel
"","",2021-01-23,Creston
-2.7,-2.7,2021-01-23,Edmundston
-9.0,-8.95,2021-01-23,Gander
-6.9,-6.9,2021-01-23,Atikokan
-9.1,-9.1,2021-01-23,Dryden
-7.2,-7.15,2021-01-23,Kenora
0.9,1.2,2021-01-23,Prince George
-1.6,-1.6,2021-01-23,Halifax
-7.6,-7.55,2021-01-23,Winnipeg
0.1,0.25,2021-01-23,Calgary
-5.3,-5.199999999999999,2021-01-23,Thunder Bay
0.5,4.2,2021-01-23,Vancouver
8.3,8.3,2021-01-23,Nanaimo
-0.3,-0.3,2021-01-23,Liverpool
-28.5,-28.5,2021-01-23,Iqaluit
-6.2,-6.2,2021-01-23,Red Deer
"","",2021-01-23,Prince Rupert
-2.6,-2.3,2021-01-23,Medicine Hat
-0.4,0.04999999999999999,2021-01-23,Toronto
"","",2021-01-23,Hamilton
-1.2,-1.2,2021-01-23,Rivière-du-Loup
-3.8,-3.55,2021-01-23,Kitchener
-2.8,-2.8,2021-01-23,Trois-Rivières
-1.1,-1.1,2021-01-23,Québec
-7.3,-6.9,2021-01-23,Saskatoon
-0.4,-0.4,2021-01-23,Montréal
-1.0,-1.0,2021-01-23,Windsor
-4.6,-4.449999999999999,2021-01-23,Belleville
-2.1,-2.1,2021-01-23,Rimouski
-3.2,-3.05,2021-01-23,London
-3.5,-3.5,2021-01-23,Chicoutimi
-2.1,-1.9,2021-01-23,Ottawa
-5.0,-5.0,2021-01-23,Val-d’Or
-6.2,-6.2,2021-01-23,Peterborough
-3.1,-3.1,2021-01-23,Saint-Georges
2.4,3.0,2021-01-24,Prince George
-32.5,-32.5,2021-01-24,Iqaluit
-9.8,-9.8,2021-01-24,Edmundston
-0.9,-0.9,2021-01-24,Red Deer
-7.7,-7.6,2021-01-24,Gander
-9.1,-9.1,2021-01-24,Dryden
3.4,3.45,2021-01-24,Kelowna
0.8,4.75,2021-01-24,Vancouver
0.3,0.3,2021-01-24,Halifax
"","",2021-01-24,Prince Rupert
-5.7,-5.7,2021-01-24,Moncton
-8.8,-8.75,2021-01-24,Kenora
7.0,7.0,2021-01-24,Abbotsford
6.9,6.7,2021-01-24,Lethbridge
2.9,3.05,2021-01-24,Medicine Hat
4.7,4.7,2021-01-24,Creston
-6.5,-5.966666666666666,2021-01-24,Edmonton
4.8,5.1,2021-01-24,Calgary
6.9,7.45,2021-01-24,Nanaimo
7.9,8.15,2021-01-24,Victoria
1.5,1.5,2021-01-24,Liverpool
-4.3,-4.25,2021-01-24,Thunder Bay
0.7,0.9,2021-01-24,Quesnel
-6.1,-6.1,2021-01-24,Atikokan
5.0,5.0,2021-01-24,Lillooet
-6.1,-6.05,2021-01-24,Winnipeg
-12.0,-12.0,2021-01-24,Fort Nelson
-6.3,-6.3,2021-01-24,Rivière-du-Loup
-10.5,-10.5,2021-01-24,Chicoutimi
0.4,0.6000000000000001,2021-01-24,Kitchener
-1.5,-1.5,2021-01-24,Montréal
0.1,0.1,2021-01-24,Belleville
-6.8,-6.8,2021-01-24,Val-d’Or
1.9,1.9,2021-01-24,Windsor
-4.1,-3.8499999999999996,2021-01-24,Saskatoon
-1.8,-1.6,2021-01-24,Ottawa
-4.0,-4.0,2021-01-24,Trois-Rivières
-1.9,-1.9,2021-01-24,Peterborough
1.6,1.8,2021-01-24,London
-1.5,-1.5,2021-01-24,Saint-Georges
-3.4,-3.4,2021-01-24,Québec
"","",2021-01-24,Hamilton
2.0,2.2,2021-01-24,Toronto
-9.1,-9.1,2021-01-24,Rimouski
-7.1,-7.05,2021-01-25,Kenora
1.6,1.6,2021-01-25,Lillooet
-6.1,-6.05,2021-01-25,Winnipeg
-13.3,-13.25,2021-01-25,Fort Nelson
5.3,5.3,2021-01-25,Nanaimo
0.8,0.8,2021-01-25,Liverpool
-0.3,0.6,2021-01-25,Prince George
-9.5,-9.35,2021-01-25,Gander
-32.6,-32.6,2021-01-25,Iqaluit
7.9,8.15,2021-01-25,Victoria
-1.0,-0.95,2021-01-25,Thunder Bay
7.3,7.3,2021-01-25,Prince Rupert
1.1,1.3,2021-01-25,Medicine Hat
-1.6,-1.6,2021-01-25,Red Deer
-4.3,-4.833333333333333,2021-01-25,Edmonton
-3.3,-3.3,2021-01-25,Halifax
-3.1,-3.1,2021-01-25,Atikokan
2.4,2.4,2021-01-25,Creston
-9.5,-9.5,2021-01-25,Edmundston
-6.8,-6.8,2021-01-25,Moncton
3.2,4.0,2021-01-25,Lethbridge
2.0,4.75,2021-01-25,Vancouver
-4.9,-4.9,2021-01-25,Dryden
1.3,1.75,2021-01-25,Kelowna
2.7,2.8,2021-01-25,Calgary
-3.0,-2.95,2021-01-25,Quesnel
0.6,0.6,2021-01-25,Peterborough
2.7,2.85,2021-01-25,Toronto
-2.0,-2.0,2021-01-25,Trois-Rivières
-3.8,-3.7,2021-01-25,Saskatoon
-8.1,-8.1,2021-01-25,Rimouski
1.7,1.7,2021-01-25,Windsor
-1.1,-0.8500000000000001,2021-01-25,Ottawa
-3.0,-3.0,2021-01-25,Saint-Georges
1.5,1.65,2021-01-25,Kitchener
-8.8,-8.8,2021-01-25,Chicoutimi
-6.0,-6.0,2021-01-25,Rivière-du-Loup
1.3,1.3,2021-01-25,Belleville
1.5,1.7,2021-01-25,London
-2.7,-2.7,2021-01-25,Québec
-2.0,-2.0,2021-01-25,Val-d’Or
"","",2021-01-25,Hamilton
-2.0,-2.0,2021-01-25,Montréal
-5.3,-5.15,2021-01-26,Gander
2.1,2.1,2021-01-26,Creston
9.0,9.05,2021-01-26,Victoria
-2.5,-2.5,2021-01-26,Thunder Bay
3.1,3.1,2021-01-26,Halifax
4.4,4.4,2021-01-26,Liverpool
-7.9,-7.9,2021-01-26,Dryden
2.4,2.5999999999999996,2021-01-26,Kelowna
-14.7,-14.649999999999999,2021-01-26,Fort Nelson
-0.1,-0.1,2021-01-26,Quesnel
-8.2,-8.2,2021-01-26,Red Deer
-9.3,-7.933333333333334,2021-01-26,Edmonton
6.2,6.2,2021-01-26,Prince Rupert
-5.9,-5.9,2021-01-26,Atikokan
6.5,6.5,2021-01-26,Abbotsford
-0.7,-0.7,2021-01-26,Edmundston
"","",2021-01-26,Chilliwack
-2.1,-1.0666666666666667,2021-01-26,Prince George
1.0,1.0,2021-01-26,Moncton
-9.0,-8.95,2021-01-26,Winnipeg
3.8,3.8,2021-01-26,Lillooet
-1.6,-1.4,2021-01-26,Medicine Hat
0.8,5.0,2021-01-26,Vancouver
-8.9,-8.850000000000001,2021-01-26,Kenora
-32.1,-32.1,2021-01-26,Iqaluit
8.5,8.5,2021-01-26,Nanaimo
0.3,0.39999999999999997,2021-01-26,Lethbridge
-3.4,-2.8499999999999996,2021-01-26,Calgary
"","",2021-01-26,Hamilton
0.4,0.45,2021-01-26,Kitchener
0.6,0.6499999999999999,2021-01-26,London
-0.9,-0.9,2021-01-26,Chicoutimi
0.7,0.85,2021-01-26,Ottawa
1.2,1.2,2021-01-26,Montréal
-1.8,-1.8,2021-01-26,Rivière-du-Loup
-2.3,-2.3,2021-01-26,Rimouski
-6.6,-6.55,2021-01-26,Saskatoon
0.9,0.9,2021-01-26,Saint-Georges
1.5,1.5,2021-01-26,Windsor
1.4,1.4,2021-01-26,Peterborough
-0.9,-0.9,2021-01-26,Québec
2.0,2.0,2021-01-26,Belleville
2.5,2.6,2021-01-26,Toronto
-1.4,-1.4,2021-01-26,Val-d’Or
0.3,0.3,2021-01-26,Trois-Rivières
7.3,7.3,2021-01-27,Abbotsford
4.2,4.2,2021-01-27,Creston
-6.0,-6.0,2021-01-27,Red Deer
3.8,3.8,2021-01-27,Prince Rupert
-22.4,-22.4,2021-01-27,Iqaluit
4.0,4.15,2021-01-27,Nanaimo
4.1,4.033333333333333,2021-01-27,Lethbridge
-6.9,-6.9,2021-01-27,Thunder Bay
-0.8,3.0,2021-01-27,Vancouver
3.5,3.5,2021-01-27,Liverpool
0.2,1.0,2021-01-27,Prince George
-4.3,-4.3,2021-01-27,Edmundston
3.7,4.050000000000001,2021-01-27,Kelowna
4.0,4.0,2021-01-27,Lillooet
-15.3,-15.25,2021-01-27,Fort Nelson
1.3,1.4,2021-01-27,Medicine Hat
3.5,3.5,2021-01-27,Halifax
-10.3,-10.3,2021-01-27,Kenora
-9.7,-9.6,2021-01-27,Winnipeg
-8.8,-7.466666666666668,2021-01-27,Edmonton
7.3,7.3,2021-01-27,Chilliwack
1.2,1.2999999999999998,2021-01-27,Quesnel
-0.7,-0.7,2021-01-27,Moncton
0.6,0.8500000000000001,2021-01-27,Calgary
-9.8,-9.8,2021-01-27,Atikokan
6.6,7.05,2021-01-27,Victoria
0.3,0.3,2021-01-27,Gander
-9.9,-9.9,2021-01-27,Dryden
-0.3,-0.15,2021-01-27,London
-3.4,-3.4,2021-01-27,Rivière-du-Loup
-1.0,-0.95,2021-01-27,Kitchener
-6.2,-6.2,2021-01-27,Val-d’Or
-2.9,-2.9,2021-01-27,Chicoutimi
-0.3,-0.04999999999999999,2021-01-27,Ottawa
1.5,1.65,2021-01-27,Toronto
1.4,1.4,2021-01-27,Montréal
"","",2021-01-27,Hamilton
1.5,1.5,2021-01-27,Windsor
-0.6,-0.6,2021-01-27,Québec
0.6,0.6499999999999999,2021-01-27,Belleville
-0.2,-0.2,2021-01-27,Peterborough
-0.6,-0.6,2021-01-27,Saint-Georges
-6.2,-6.15,2021-01-27,Saskatoon
-3.4,-3.4,2021-01-27,Rimouski
0.9,0.9,2021-01-27,Trois-Rivières
2.4,2.566666666666667,2021-01-28,Lethbridge
-13.6,-13.6,2021-01-28,Edmundston
0.0,0.0,2021-01-28,Liverpool
1.6,1.7000000000000002,2021-01-28,Kelowna
-14.6,-13.199999999999998,2021-01-28,Edmonton
-4.9,-4.9,2021-01-28,Moncton
3.3,3.3,2021-01-28,Lillooet
1.9,1.9,2021-01-28,Creston
6.5,6.7,2021-01-28,Victoria
-10.2,-9.649999999999999,2021-01-28,Thunder Bay
0.4,0.4,2021-01-28,Quesnel
-12.5,-12.45,2021-01-28,Winnipeg
-17.4,-17.049999999999997,2021-01-28,Fort Nelson
-1.1,-1.1,2021-01-28,Calgary
-10.8,-10.75,2021-01-28,Kenora
0.3,0.55,2021-01-28,Medicine Hat
-1.0,-1.0,2021-01-28,Halifax
-24.4,-24.4,2021-01-28,Iqaluit
5.8,5.8,2021-01-28,Chilliwack
3.7,3.7,2021-01-28,Prince Rupert
4.3,4.3,2021-01-28,Abbotsford
-0.5,3.55,2021-01-28,Vancouver
-9.5,-9.5,2021-01-28,Atikokan
-11.1,-11.1,2021-01-28,Dryden
-7.6,-7.6,2021-01-28,Red Deer
-3.6,-3.55,2021-01-28,Gander
5.3,5.65,2021-01-28,Nanaimo
-1.8,-1.0333333333333334,2021-01-28,Prince George
-2.7,-2.7,2021-01-28,Montréal
"","",2021-01-28,Hamilton
-12.5,-12.5,2021-01-28,Val-d’Or
-3.0,-2.85,2021-01-28,Saskatoon
-4.7,-4.7,2021-01-28,Peterborough
-11.0,-11.0,2021-01-28,Chicoutimi
-5.7,-5.7,2021-01-28,Trois-Rivières
-5.3,-4.949999999999999,2021-01-28,Ottawa
-10.8,-10.8,2021-01-28,Rivière-du-Loup
-3.6,-2.9333333333333336,2021-01-28,Belleville
-2.0,-1.85,2021-01-28,Kitchener
-10.8,-10.8,2021-01-28,Rimouski
-1.5,-1.3,2021-01-28,London
-6.3,-6.3,2021-01-28,Québec
0.7,0.75,2021-01-28,Toronto
0.0,0.0,2021-01-28,Windsor
-5.6,-5.6,2021-01-28,Saint-Georges
-17.2,-17.2,2021-01-29,Edmundston
2.4,2.45,2021-01-29,Quesnel
1.1,1.0666666666666667,2021-01-29,Lethbridge
-11.4,-10.5,2021-01-29,Kenora
-6.2,-6.2,2021-01-29,Halifax
-4.0,-4.0,2021-01-29,Liverpool
-9.4,-9.4,2021-01-29,Moncton
5.7,5.7,2021-01-29,Prince Rupert
-5.6,-5.6,2021-01-29,Red Deer
-8.9,-8.75,2021-01-29,Thunder Bay
-11.5,-11.4,2021-01-29,Winnipeg
-0.2,-0.2,2021-01-29,Medicine Hat
-1.3,-1.25,2021-01-29,Prince George
-10.7,-8.6,2021-01-29,Edmonton
-5.2,-5.2,2021-01-29,Gander
8.5,8.5,2021-01-29,Victoria
0.5,4.0,2021-01-29,Vancouver
7.5,7.5,2021-01-29,Chilliwack
6.3,6.3,2021-01-29,Lillooet
2.9,3.05,2021-01-29,Kelowna
6.5,7.0,2021-01-29,Nanaimo
1.2,1.2,2021-01-29,Creston
-25.9,-25.9,2021-01-29,Iqaluit
-2.4,-1.7,2021-01-29,Calgary
6.5,6.5,2021-01-29,Abbotsford
-9.6,-9.6,2021-01-29,Dryden
-17.0,-16.8,2021-01-29,Fort Nelson
-8.0,-8.0,2021-01-29,Atikokan
-13.6,-13.6,2021-01-29,Rivière-du-Loup
-18.9,-18.9,2021-01-29,Val-d’Or
-12.1,-12.1,2021-01-29,Rimouski
"","",2021-01-29,Hamilton
-3.8,-3.7,2021-01-29,Toronto
-10.2,-10.2,2021-01-29,Peterborough
-6.2,-6.15,2021-01-29,Saskatoon
-14.1,-14.1,2021-01-29,Saint-Georges
-11.4,-11.4,2021-01-29,Ottawa
-7.7,-6.75,2021-01-29,Belleville
-10.2,-10.2,2021-01-29,Québec
-6.2,-5.1,2021-01-29,Kitchener
-3.2,-3.05,2021-01-29,London
-8.1,-8.1,2021-01-29,Montréal
-10.5,-10.5,2021-01-29,Trois-Rivières
-1.1,-1.1,2021-01-29,Windsor
-15.7,-15.7,2021-01-29,Chicoutimi
-8.3,-8.3,2021-01-30,Moncton
-6.9,-6.85,2021-01-30,Gander
1.9,2.0666666666666664,2021-01-30,Lethbridge
-10.2,-9.7,2021-01-30,Fort Nelson
0.8,3.85,2021-01-30,Vancouver
0.1,0.9,2021-01-30,Calgary
-1.8,-1.7333333333333334,2021-01-30,Edmonton
1.0,0.9333333333333332,2021-01-30,Prince George
1.0,1.0,2021-01-30,Creston
-18.9,-18.9,2021-01-30,Iqaluit
-7.9,-7.9,2021-01-30,Halifax
-10.5,-9.95,2021-01-30,Kenora
0.2,0.30000000000000004,2021-01-30,Quesnel
4.5,4.5,2021-01-30,Chilliwack
2.5,2.55,2021-01-30,Medicine Hat
-6.3,-6.199999999999999,2021-01-30,Winnipeg
-5.9,-5.800000000000001,2021-01-30,Thunder Bay
5.0,5.0,2021-01-30,Abbotsford
-16.0,-16.0,2021-01-30,Edmundston
5.9,5.9,2021-01-30,Prince Rupert
-5.9,-5.9,2021-01-30,Liverpool
5.5,5.5,2021-01-30,Lillooet
5.3,6.25,2021-01-30,Victoria
-4.6,-4.6,2021-01-30,Red Deer
0.6,1.05,2021-01-30,Kelowna
-6.1,-6.1,2021-01-30,Atikokan
-8.0,-8.0,2021-01-30,Dryden
3.3,3.3,2021-01-30,Nanaimo
-1.1,-1.1,2021-01-30,Windsor
-17.5,-17.5,2021-01-30,Val-d’Or
-3.3,-3.0,2021-01-30,Toronto
-8.8,-9.033333333333333,2021-01-30,Belleville
-13.6,-13.6,2021-01-30,Saint-Georges
-11.9,-11.9,2021-01-30,Trois-Rivières
-12.9,-12.9,2021-01-30,Québec
-12.7,-12.7,2021-01-30,Rimouski
-4.2,-4.05,2021-01-30,London
-11.1,-10.75,2021-01-30,Ottawa
-11.1,-11.1,2021-01-30,Peterborough
-6.5,-6.45,2021-01-30,Saskatoon
-8.9,-8.9,2021-01-30,Montréal
"","",2021-01-30,Hamilton
-13.6,-13.6,2021-01-30,Rivière-du-Loup
-15.4,-15.4,2021-01-30,Chicoutimi
-5.5,-5.25,2021-01-30,Kitchener
-7.5,-7.5,2021-01-31,Atikokan
9.7,9.85,2021-01-31,Nanaimo
4.8,4.8,2021-01-31,Lillooet
3.8,4.05,2021-01-31,Kelowna
-0.8,-0.06666666666666672,2021-01-31,Prince George
-6.3,-6.3,2021-01-31,Moncton
5.4,5.45,2021-01-31,Medicine Hat
-8.5,-8.4,2021-01-31,Gander
-1.5,-1.5,2021-01-31,Liverpool
3.4,3.4,2021-01-31,Prince Rupert
1.9,2.0999999999999996,2021-01-31,Calgary
9.8,9.8,2021-01-31,Chilliwack
-3.8,-3.7,2021-01-31,Winnipeg
8.3,8.5,2021-01-31,Lethbridge
1.5,4.95,2021-01-31,Vancouver
-0.5,-0.5,2021-01-31,Quesnel
-11.2,-11.0,2021-01-31,Fort Nelson
-22.5,-22.5,2021-01-31,Iqaluit
-1.2,-1.2,2021-01-31,Halifax
3.2,3.2,2021-01-31,Creston
-0.1,-0.1,2021-01-31,Red Deer
"","",2021-01-31,Dryden
-2.6,-2.55,2021-01-31,Thunder Bay
-5.8,-5.699999999999999,2021-01-31,Kenora
1.2,1.1333333333333335,2021-01-31,Edmonton
-16.3,-16.3,2021-01-31,Edmundston
10.2,10.2,2021-01-31,Victoria
-7.7,-7.3,2021-01-31,Belleville
-10.4,-10.4,2021-01-31,Saint-Georges
-10.5,-10.5,2021-01-31,Québec
-4.5,-4.15,2021-01-31,Saskatoon
-3.9,-3.7,2021-01-31,Kitchener
-1.2,-1.15,2021-01-31,Toronto
"","",2021-01-31,Hamilton
-11.3,-11.3,2021-01-31,Trois-Rivières
-2.4,-2.3499999999999996,2021-01-31,London
-1.7,-1.7,2021-01-31,Windsor
-10.2,-10.2,2021-01-31,Rivière-du-Loup
-14.1,-14.1,2021-01-31,Val-d’Or
-9.4,-9.4,2021-01-31,Rimouski
-9.3,-9.3,2021-01-31,Peterborough
-7.0,-7.0,2021-01-31,Montréal
-15.1,-15.1,2021-01-31,Chicoutimi
-10.8,-10.8,2021-01-31,Ottawa
4.9,5.300000000000001,2021-02-01,Kelowna
-4.6,-4.6,2021-02-01,Winnipeg
-13.8,-13.8,2021-02-01,Iqaluit
-5.3,-5.05,2021-02-01,Kenora
-3.0,-3.0,2021-02-01,Halifax
-1.7,-1.7,2021-02-01,Atikokan
2.4,2.7,2021-02-01,Calgary
-5.8,-5.8,2021-02-01,Moncton
3.3,5.55,2021-02-01,Vancouver
-3.3,-3.3,2021-02-01,Dryden
6.0,6.1,2021-02-01,Medicine Hat
6.8,6.766666666666667,2021-02-01,Lethbridge
2.4,2.4,2021-02-01,Red Deer
0.6,0.6499999999999999,2021-02-01,Thunder Bay
-0.5,-0.4,2021-02-01,Prince George
-13.0,-13.0,2021-02-01,Edmundston
1.0,1.0999999999999999,2021-02-01,Edmonton
7.3,7.3,2021-02-01,Creston
0.4,0.45,2021-02-01,Quesnel
5.3,5.5,2021-02-01,Nanaimo
-9.7,-9.6,2021-02-01,Gander
-1.6,-1.6,2021-02-01,Liverpool
6.6,6.75,2021-02-01,Victoria
6.5,6.5,2021-02-01,Lillooet
1.6,1.6,2021-02-01,Prince Rupert
-18.9,-18.799999999999997,2021-02-01,Fort Nelson
"","",2021-02-01,Chilliwack
-0.5,-0.45,2021-02-01,Toronto
-4.9,-4.3999999999999995,2021-02-01,Belleville
-5.6,-5.6,2021-02-01,Peterborough
-7.1,-7.1,2021-02-01,Rivière-du-Loup
-4.6,-4.6,2021-02-01,Val-d’Or
-3.5,-3.0,2021-02-01,Kitchener
-2.6,-2.6,2021-02-01,London
-8.7,-8.7,2021-02-01,Rimouski
-6.1,-6.1,2021-02-01,Trois-Rivières
-2.0,-2.0,2021-02-01,Windsor
-3.8,-3.8,2021-02-01,Montréal
-9.5,-9.5,2021-02-01,Chicoutimi
-2.1,-1.9,2021-02-01,Saskatoon
-6.3,-6.3,2021-02-01,Québec
-7.5,-7.15,2021-02-01,Ottawa
-6.7,-6.7,2021-02-01,Saint-Georges
"","",2021-02-01,Hamilton
-24.6,-24.25,2021-02-02,Fort Nelson
-4.1,-4.0,2021-02-02,Quesnel
-6.4,-6.4,2021-02-02,Edmundston
-2.5,-2.45,2021-02-02,Thunder Bay
-4.8,-4.8,2021-02-02,Atikokan
-3.3,-3.3,2021-02-02,Dryden
-0.9,-0.9,2021-02-02,Prince Rupert
-2.8,0.4500000000000002,2021-02-02,Vancouver
-3.3,-3.3,2021-02-02,Kenora
-5.6,-5.5,2021-02-02,Medicine Hat
-3.3,-3.2,2021-02-02,Gander
3.2,3.4000000000000004,2021-02-02,Victoria
-12.0,-12.0,2021-02-02,Iqaluit
-4.7,-4.7,2021-02-02,Moncton
-7.8,-7.8,2021-02-02,Red Deer
0.2,0.2,2021-02-02,Creston
-5.4,-5.35,2021-02-02,Winnipeg
-5.3,-5.033333333333333,2021-02-02,Edmonton
-0.3,-0.3,2021-02-02,Liverpool
-3.7,-3.466666666666667,2021-02-02,Lethbridge
-2.5,-2.5,2021-02-02,Halifax
-6.7,-6.6,2021-02-02,Calgary
1.0,1.05,2021-02-02,Nanaimo
"","",2021-02-02,Chilliwack
-2.1,-1.7000000000000002,2021-02-02,Kelowna
-4.9,-4.85,2021-02-02,Prince George
1.3,1.3,2021-02-02,Lillooet
0.5,0.55,2021-02-02,London
-5.9,-5.9,2021-02-02,Chicoutimi
-0.8,-0.8,2021-02-02,Peterborough
-4.9,-4.9,2021-02-02,Québec
-6.1,-6.1,2021-02-02,Trois-Rivières
-3.4,-3.4,2021-02-02,Val-d’Or
1.2,1.25,2021-02-02,Toronto
0.1,0.2,2021-02-02,Kitchener
-4.3,-4.3,2021-02-02,Montréal
-0.4,-0.30000000000000004,2021-02-02,Belleville
-6.4,-6.4,2021-02-02,Rimouski
5.7,5.7,2021-02-02,Windsor
-8.9,-8.75,2021-02-02,Saskatoon
-6.0,-6.0,2021-02-02,Saint-Georges
-5.1,-4.699999999999999,2021-02-02,Ottawa
"","",2021-02-02,Hamilton
-5.4,-5.4,2021-02-02,Rivière-du-Loup
-12.3,-12.25,2021-02-03,Kenora
-10.3,-10.633333333333335,2021-02-03,Lethbridge
-15.3,-14.433333333333332,2021-02-03,Edmonton
-7.5,-7.35,2021-02-03,Thunder Bay
-9.7,-9.45,2021-02-03,Calgary
-2.2,-2.2,2021-02-03,Lillooet
-12.1,-12.1,2021-02-03,Red Deer
-0.7,-0.7,2021-02-03,Prince Rupert
1.9,2.5999999999999996,2021-02-03,Victoria
-9.2,-9.2,2021-02-03,Atikokan
"","",2021-02-03,Dryden
-3.6,-3.6,2021-02-03,Creston
"","",2021-02-03,Chilliwack
-3.8,-3.75,2021-02-03,Gander
-3.5,-3.5,2021-02-03,Moncton
-0.2,-0.2,2021-02-03,Halifax
-24.4,-23.85,2021-02-03,Fort Nelson
-7.8,-7.8,2021-02-03,Edmundston
3.1,3.1,2021-02-03,Vancouver
1.9,2.0999999999999996,2021-02-03,Nanaimo
-15.7,-15.649999999999999,2021-02-03,Winnipeg
0.1,0.1,2021-02-03,Liverpool
-14.6,-14.6,2021-02-03,Iqaluit
-9.2,-9.149999999999999,2021-02-03,Quesnel
-4.3,-3.7,2021-02-03,Kelowna
-9.7,-9.35,2021-02-03,Medicine Hat
-11.9,-11.9,2021-02-03,Prince George
-0.4,-0.4,2021-02-03,Peterborough
0.2,0.2,2021-02-03,Montréal
"","",2021-02-03,Hamilton
0.0,0.9,2021-02-03,Kitchener
-3.8,-3.8,2021-02-03,Saint-Georges
-18.9,-18.9,2021-02-03,Saskatoon
-3.0,-3.0,2021-02-03,Rimouski
-4.0,-4.0,2021-02-03,Chicoutimi
3.1,3.7,2021-02-03,Toronto
1.5,1.7,2021-02-03,London
0.5,1.0999999999999999,2021-02-03,Belleville
-1.5,-1.0,2021-02-03,Ottawa
3.7,3.7,2021-02-03,Windsor
-1.5,-1.5,2021-02-03,Trois-Rivières
-2.7,-2.7,2021-02-03,Québec
-4.1,-4.1,2021-02-03,Rivière-du-Loup
-2.8,-2.8,2021-02-03,Val-d’Or
-7.0,-6.75,2021-02-04,Kelowna
-4.8,-4.8,2021-02-04,Quesnel
-20.5,-20.5,2021-02-04,Atikokan
-1.7,-1.7,2021-02-04,Moncton
-5.5,-5.45,2021-02-04,Prince George
-0.3,-0.3,2021-02-04,Nanaimo
-9.2,-9.433333333333334,2021-02-04,Edmonton
-12.6,-12.6,2021-02-04,Red Deer
-7.4,-7.4,2021-02-04,Creston
4.0,4.0,2021-02-04,Prince Rupert
-17.3,-17.200000000000003,2021-02-04,Kenora
2.0,2.0,2021-02-04,Vancouver
"","",2021-02-04,Halifax
-10.1,-9.5,2021-02-04,Calgary
-10.2,-10.2,2021-02-04,Edmundston
1.9,1.9,2021-02-04,Liverpool
-7.6,-7.6,2021-02-04,Medicine Hat
-17.7,-17.65,2021-02-04,Winnipeg
1.2,1.75,2021-02-04,Victoria
"","",2021-02-04,Chilliwack
-10.0,-9.666666666666666,2021-02-04,Lethbridge
-14.9,-14.9,2021-02-04,Iqaluit
-18.7,-18.7,2021-02-04,Dryden
-18.0,-17.65,2021-02-04,Fort Nelson
-3.0,-2.95,2021-02-04,Gander
-17.0,-16.75,2021-02-04,Thunder Bay
-0.3,-0.3,2021-02-04,Lillooet
"","",2021-02-04,Hamilton
-3.4,-3.4,2021-02-04,Rimouski
-15.6,-15.3,2021-02-04,Saskatoon
0.6,1.2,2021-02-04,Belleville
-8.7,-8.7,2021-02-04,Val-d’Or
-1.7,-1.5,2021-02-04,London
-3.1,-3.1,2021-02-04,Saint-Georges
0.9,0.9,2021-02-04,Windsor
-0.1,-0.1,2021-02-04,Peterborough
-2.3,-1.15,2021-02-04,Kitchener
-5.4,-5.4,2021-02-04,Chicoutimi
-0.2,-0.15000000000000002,2021-02-04,Toronto
0.8,0.8,2021-02-04,Montréal
-3.2,-3.2,2021-02-04,Québec
-1.9,-1.85,2021-02-04,Ottawa
-4.9,-4.9,2021-02-04,Rivière-du-Loup
-2.2,-2.2,2021-02-04,Trois-Rivières
-2.7,-2.7,2021-02-05,Red Deer
-2.4,-2.066666666666667,2021-02-05,Prince George
-4.0,-3.95,2021-02-05,Quesnel
-0.7,-0.7,2021-02-05,Liverpool
-11.7,-11.7,2021-02-05,Kenora
-21.5,-21.5,2021-02-05,Iqaluit
-13.6,-13.35,2021-02-05,Thunder Bay
5.1,5.1,2021-02-05,Prince Rupert
-7.2,-7.2,2021-02-05,Moncton
-1.4,-1.2999999999999998,2021-02-05,Medicine Hat
1.5,1.5,2021-02-05,Abbotsford
-1.5,-1.5,2021-02-05,Chilliwack
-11.7,-11.55,2021-02-05,Winnipeg
-2.8,-2.8,2021-02-05,Halifax
-14.8,-14.8,2021-02-05,Atikokan
-13.7,-13.25,2021-02-05,Fort Nelson
-15.7,-15.7,2021-02-05,Edmundston
-5.0,-4.95,2021-02-05,Gander
3.7,3.75,2021-02-05,Victoria
4.0,4.0,2021-02-05,Vancouver
-2.8,-2.75,2021-02-05,Kelowna
-3.0,-2.433333333333333,2021-02-05,Edmonton
-4.4,-4.4,2021-02-05,Creston
2.0,2.05,2021-02-05,Nanaimo
1.7,1.7,2021-02-05,Lillooet
0.4,0.4000000000000001,2021-02-05,Lethbridge
-12.3,-12.3,2021-02-05,Dryden
1.0,1.0,2021-02-05,Calgary
-11.5,-11.45,2021-02-05,Saskatoon
-10.5,-10.5,2021-02-05,Rimouski
-5.5,-5.5,2021-02-05,Montréal
-3.2,-3.2,2021-02-05,Windsor
-4.6,-4.5,2021-02-05,Toronto
-4.3,-4.15,2021-02-05,Belleville
-6.2,-6.2,2021-02-05,Peterborough
-10.0,-10.0,2021-02-05,Québec
-16.3,-16.3,2021-02-05,Val-d’Or
-5.8,-5.5,2021-02-05,London
-6.7,-6.6,2021-02-05,Kitchener
-7.8,-7.8,2021-02-05,Trois-Rivières
-11.3,-11.3,2021-02-05,Saint-Georges
-12.2,-12.2,2021-02-05,Rivière-du-Loup
"","",2021-02-05,Hamilton
-7.6,-7.449999999999999,2021-02-05,Ottawa
-15.0,-15.0,2021-02-05,Chicoutimi
-1.7,-1.4,2021-02-06,Kelowna
-0.6,-0.03333333333333336,2021-02-06,Edmonton
-18.6,-18.5,2021-02-06,Winnipeg
5.2,5.2,2021-02-06,Prince Rupert
-4.8,-4.8,2021-02-06,Halifax
-1.5,-1.5,2021-02-06,Red Deer
5.1,5.15,2021-02-06,Victoria
2.5,2.5,2021-02-06,Abbotsford
-29.1,-29.1,2021-02-06,Iqaluit
-11.5,-10.85,2021-02-06,Fort Nelson
-1.1,-0.75,2021-02-06,Medicine Hat
1.6,1.6,2021-02-06,Lillooet
-10.7,-10.7,2021-02-06,Atikokan
-15.6,-15.55,2021-02-06,Kenora
-0.3,-0.6,2021-02-06,Lethbridge
-7.9,-7.75,2021-02-06,Gander
-9.5,-9.5,2021-02-06,Moncton
-16.9,-16.9,2021-02-06,Edmundston
-17.4,-17.4,2021-02-06,Dryden
-4.5,-4.233333333333333,2021-02-06,Prince George
-2.6,-1.9500000000000002,2021-02-06,Calgary
-1.8,-1.8,2021-02-06,Creston
-5.3,-5.25,2021-02-06,Quesnel
3.3,3.3,2021-02-06,Chilliwack
-1.0,1.7000000000000002,2021-02-06,Vancouver
3.5,3.55,2021-02-06,Nanaimo
-4.3,-4.3,2021-02-06,Liverpool
-9.1,-8.95,2021-02-06,Thunder Bay
-5.9,-5.85,2021-02-06,Kitchener
-9.9,-9.9,2021-02-06,Québec
-4.8,-4.75,2021-02-06,London
-12.5,-12.5,2021-02-06,Val-d’Or
-6.8,-6.8,2021-02-06,Montréal
-5.4,-5.300000000000001,2021-02-06,Belleville
"","",2021-02-06,Peterborough
-10.3,-10.3,2021-02-06,Saint-Georges
-3.3,-3.3,2021-02-06,Windsor
-8.2,-8.2,2021-02-06,Trois-Rivières
-3.5,-3.45,2021-02-06,Toronto
-13.2,-13.2,2021-02-06,Chicoutimi
-15.9,-15.8,2021-02-06,Saskatoon
-8.0,-7.65,2021-02-06,Ottawa
"","",2021-02-06,Hamilton
-10.9,-10.9,2021-02-06,Rimouski
-10.8,-10.8,2021-02-06,Rivière-du-Loup
5.4,5.45,2021-02-07,Nanaimo
-5.6,-5.55,2021-02-07,Gander
-10.0,-10.0,2021-02-07,Edmundston
-4.5,-4.5,2021-02-07,Red Deer
4.4,4.4,2021-02-07,Liverpool
1.0,1.0,2021-02-07,Lillooet
-1.4,-1.4,2021-02-07,Medicine Hat
4.9,4.9,2021-02-07,Halifax
-23.9,-23.9,2021-02-07,Dryden
-3.3,-3.25,2021-02-07,Quesnel
-30.5,-30.5,2021-02-07,Iqaluit
-4.6,-4.6,2021-02-07,Calgary
0.4,0.4,2021-02-07,Creston
"","",2021-02-07,Chilliwack
4.3,4.3,2021-02-07,Abbotsford
-21.6,-21.6,2021-02-07,Atikokan
-5.7,-5.6000000000000005,2021-02-07,Prince George
-9.1,-8.05,2021-02-07,Fort Nelson
-1.0,2.4,2021-02-07,Vancouver
-1.1,-0.8,2021-02-07,Kelowna
2.3,2.3,2021-02-07,Prince Rupert
-22.2,-22.0,2021-02-07,Thunder Bay
-2.0,-2.033333333333333,2021-02-07,Lethbridge
-5.6,-4.533333333333333,2021-02-07,Edmonton
-24.0,-23.95,2021-02-07,Winnipeg
-4.9,-4.9,2021-02-07,Moncton
-21.2,-20.9,2021-02-07,Kenora
6.0,6.1,2021-02-07,Victoria
-9.1,-9.1,2021-02-07,Rimouski
-10.3,-10.15,2021-02-07,Ottawa
-8.4,-8.4,2021-02-07,Québec
-1.9,-1.9,2021-02-07,Windsor
-9.4,-9.3,2021-02-07,Saskatoon
-8.9,-8.9,2021-02-07,Saint-Georges
-8.3,-8.5,2021-02-07,Belleville
-10.2,-10.2,2021-02-07,Peterborough
-8.5,-8.5,2021-02-07,Trois-Rivières
-5.5,-5.4,2021-02-07,Toronto
-10.3,-10.3,2021-02-07,Rivière-du-Loup
"","",2021-02-07,Hamilton
-20.7,-20.7,2021-02-07,Val-d’Or
-8.6,-8.6,2021-02-07,Montréal
-12.2,-12.2,2021-02-07,Chicoutimi
-6.0,-5.75,2021-02-07,London
-7.8,-6.9,2021-02-07,Kitchener
-8.3,-8.3,2021-02-08,Red Deer
0.0,0.3,2021-02-08,Kelowna
-14.6,-14.5,2021-02-08,Winnipeg
6.3,7.05,2021-02-08,Victoria
-11.9,-11.9,2021-02-08,Moncton
-8.4,-8.566666666666666,2021-02-08,Edmonton
-3.8,-3.8,2021-02-08,Halifax
-18.6,-18.55,2021-02-08,Thunder Bay
-9.5,-7.666666666666667,2021-02-08,Prince George
-5.9,-5.800000000000001,2021-02-08,Quesnel
-16.7,-16.65,2021-02-08,Kenora
1.2,1.2,2021-02-08,Prince Rupert
6.0,6.15,2021-02-08,Nanaimo
-20.2,-20.2,2021-02-08,Atikokan
-17.8,-17.8,2021-02-08,Dryden
-4.6,-4.6,2021-02-08,Liverpool
-20.5,-20.5,2021-02-08,Edmundston
-7.7,-6.9,2021-02-08,Calgary
-12.2,-10.95,2021-02-08,Fort Nelson
-6.1,-5.05,2021-02-08,Medicine Hat
5.3,5.3,2021-02-08,Abbotsford
-3.6,-3.55,2021-02-08,Gander
"","",2021-02-08,Iqaluit
1.8,1.8,2021-02-08,Lillooet
-1.0,2.25,2021-02-08,Vancouver
1.1,1.1,2021-02-08,Creston
-5.8,-5.633333333333333,2021-02-08,Lethbridge
-4.3,-4.3,2021-02-08,Windsor
-16.9,-17.066666666666666,2021-02-08,Belleville
-16.3,-16.3,2021-02-08,Saint-Georges
-20.0,-20.0,2021-02-08,Chicoutimi
-22.6,-22.6,2021-02-08,Val-d’Or
-17.2,-17.2,2021-02-08,Peterborough
-15.0,-15.0,2021-02-08,Québec
-11.6,-11.05,2021-02-08,Kitchener
"","",2021-02-08,Hamilton
-13.7,-13.7,2021-02-08,Rimouski
-9.8,-9.45,2021-02-08,Toronto
-8.4,-8.05,2021-02-08,London
-15.9,-15.9,2021-02-08,Rivière-du-Loup
-14.7,-14.7,2021-02-08,Trois-Rivières
-19.9,-19.45,2021-02-08,Ottawa
-14.7,-14.7,2021-02-08,Montréal
-10.5,-10.45,2021-02-08,Saskatoon
1.8,1.8,2021-02-09,Abbotsford
-7.0,-6.95,2021-02-09,Quesnel
"","",2021-02-09,Iqaluit
-6.1,-6.1,2021-02-09,Red Deer
-7.6,-7.449999999999999,2021-02-09,Medicine Hat
-2.1,-1.9500000000000002,2021-02-09,Fort Nelson
"","",2021-02-09,Dryden
-3.7,-3.35,2021-02-09,Kelowna
-11.8,-11.8,2021-02-09,Kenora
-10.0,-9.95,2021-02-09,Gander
3.6,4.15,2021-02-09,Victoria
-7.2,-7.2,2021-02-09,Halifax
-12.7,-12.649999999999999,2021-02-09,Thunder Bay
2.8,2.8499999999999996,2021-02-09,Nanaimo
-0.1,-0.1,2021-02-09,Lillooet
-22.2,-22.2,2021-02-09,Edmundston
4.1,4.1,2021-02-09,Prince Rupert
-13.5,-13.5,2021-02-09,Moncton
-1.1,-0.7666666666666666,2021-02-09,Prince George
-7.9,-7.9,2021-02-09,Liverpool
-4.3,-4.166666666666667,2021-02-09,Edmonton
-0.5,-0.5,2021-02-09,Creston
-10.4,-10.350000000000001,2021-02-09,Winnipeg
-5.6,-5.166666666666666,2021-02-09,Lethbridge
-5.7,-5.35,2021-02-09,Calgary
"","",2021-02-09,Chilliwack
-17.9,-17.9,2021-02-09,Atikokan
-2.8,0.5,2021-02-09,Vancouver
-2.9,-2.5,2021-02-09,Toronto
-5.0,-4.85,2021-02-09,London
"","",2021-02-09,Hamilton
-10.5,-10.366666666666667,2021-02-09,Belleville
-14.1,-14.1,2021-02-09,Rimouski
-17.3,-17.3,2021-02-09,Saint-Georges
-11.1,-11.1,2021-02-09,Saskatoon
-18.0,-17.85,2021-02-09,Ottawa
-12.0,-12.0,2021-02-09,Montréal
-8.0,-5.65,2021-02-09,Kitchener
-12.9,-12.9,2021-02-09,Peterborough
-3.0,-3.0,2021-02-09,Windsor
-18.0,-18.0,2021-02-09,Trois-Rivières
-15.4,-15.4,2021-02-09,Rivière-du-Loup
-12.7,-12.7,2021-02-09,Val-d’Or
-19.5,-19.5,2021-02-09,Chicoutimi
-16.1,-16.1,2021-02-09,Québec
-7.8,-7.699999999999999,2021-02-10,Gander
-3.8,-3.233333333333333,2021-02-10,Prince George
0.7,0.7,2021-02-10,Creston
-3.3,-3.3,2021-02-10,Red Deer
-10.4,-10.4,2021-02-10,Dryden
4.8,4.8,2021-02-10,Prince Rupert
-3.5,-3.233333333333333,2021-02-10,Lethbridge
-6.5,-6.5,2021-02-10,Moncton
-12.0,-11.9,2021-02-10,Winnipeg
-9.5,-9.45,2021-02-10,Kenora
5.5,5.6,2021-02-10,Nanaimo
-5.2,-5.0,2021-02-10,Medicine Hat
-31.8,-31.8,2021-02-10,Iqaluit
5.0,5.0,2021-02-10,Chilliwack
4.7,5.6,2021-02-10,Victoria
-0.3,-0.3,2021-02-10,Lillooet
-5.6,-5.5,2021-02-10,Quesnel
-1.1,-1.4333333333333333,2021-02-10,Edmonton
-2.0,1.4,2021-02-10,Vancouver
-3.5,-2.45,2021-02-10,Kelowna
-3.4,-3.3,2021-02-10,Calgary
-13.4,-13.15,2021-02-10,Thunder Bay
-12.2,-12.2,2021-02-10,Edmundston
-0.9,-0.9,2021-02-10,Halifax
-3.7,-3.25,2021-02-10,Fort Nelson
-14.0,-14.0,2021-02-10,Atikokan
-1.6,-1.6,2021-02-10,Liverpool
-6.5,-6.35,2021-02-10,Ottawa
-6.4,-6.4,2021-02-10,Québec
0.8,0.8,2021-02-10,Windsor
"","",2021-02-10,Hamilton
-8.9,-8.7,2021-02-10,Saskatoon
0.2,0.35,2021-02-10,London
1.0,1.0,2021-02-10,Peterborough
2.6,2.6,2021-02-10,Toronto
-5.9,-5.9,2021-02-10,Rivière-du-Loup
-6.8,-6.8,2021-02-10,Chicoutimi
-4.4,-4.4,2021-02-10,Montréal
-0.5,-0.2,2021-02-10,Kitchener
-9.8,-9.8,2021-02-10,Val-d’Or
-5.6,-5.6,2021-02-10,Rimouski
-6.0,-6.0,2021-02-10,Saint-Georges
2.0,2.0,2021-02-10,Belleville
-6.6,-6.6,2021-02-10,Trois-Rivières
-9.2,-9.1,2021-02-11,Edmonton
-31.6,-31.6,2021-02-11,Iqaluit
5.4,5.4,2021-02-11,Lillooet
2.4,2.55,2021-02-11,Quesnel
-2.3,-2.0,2021-02-11,Calgary
6.0,6.0,2021-02-11,Chilliwack
-6.9,-6.9,2021-02-11,Edmundston
-8.5,-8.5,2021-02-11,Winnipeg
-4.6,-4.6,2021-02-11,Red Deer
3.6,3.6,2021-02-11,Prince Rupert
0.7,1.35,2021-02-11,Kelowna
-7.3,-7.3,2021-02-11,Atikokan
-6.1,-5.949999999999999,2021-02-11,Gander
-8.4,-8.3,2021-02-11,Fort Nelson
5.4,5.45,2021-02-11,Nanaimo
-2.3,2.5,2021-02-11,Vancouver
-2.1,-1.9,2021-02-11,Medicine Hat
-8.6,-8.6,2021-02-11,Dryden
-3.3,-3.3,2021-02-11,Moncton
0.9,0.9333333333333332,2021-02-11,Lethbridge
-9.6,-9.3,2021-02-11,Kenora
2.8,2.966666666666667,2021-02-11,Prince George
7.0,7.35,2021-02-11,Victoria
0.8,0.8,2021-02-11,Halifax
-6.7,-6.300000000000001,2021-02-11,Thunder Bay
2.0,2.0,2021-02-11,Creston
-0.2,-0.2,2021-02-11,Liverpool
-2.4,-1.7,2021-02-11,Kitchener
-4.5,-4.5,2021-02-11,Chicoutimi
-4.1,-4.1,2021-02-11,Montréal
-0.3,-0.3,2021-02-11,Peterborough
-11.6,-11.6,2021-02-11,Saskatoon
-3.4,-3.4,2021-02-11,Rivière-du-Loup
"","",2021-02-11,Hamilton
-3.9,-3.9,2021-02-11,Trois-Rivières
-3.8,-3.8,2021-02-11,Saint-Georges
-3.4,-3.4,2021-02-11,Québec
0.5,0.6,2021-02-11,Belleville
-4.5,-4.4,2021-02-11,Ottawa
-6.4,-6.4,2021-02-11,Val-d’Or
-0.2,-0.2,2021-02-11,Windsor
1.1,1.3,2021-02-11,Toronto
-1.1,-0.9,2021-02-11,London
-5.3,-5.3,2021-02-11,Rimouski
4.3,4.3,2021-02-12,Nanaimo
7.3,7.3,2021-02-12,Chilliwack
5.5,6.15,2021-02-12,Victoria
0.0,0.0,2021-02-12,Halifax
-18.0,-17.95,2021-02-12,Kenora
-10.9,-10.8,2021-02-12,Calgary
-1.9,-1.85,2021-02-12,Quesnel
-18.1,-18.1,2021-02-12,Dryden
-3.0,-2.9,2021-02-12,Prince George
-15.0,-15.0,2021-02-12,Red Deer
-16.7,-16.35,2021-02-12,Thunder Bay
-4.2,-4.2,2021-02-12,Edmundston
2.9,2.9,2021-02-12,Prince Rupert
-2.0,2.35,2021-02-12,Vancouver
-1.9,-1.9,2021-02-12,Moncton
-19.7,-18.733333333333334,2021-02-12,Edmonton
-11.0,-10.9,2021-02-12,Medicine Hat
-1.9,-1.0,2021-02-12,Kelowna
-20.1,-20.1,2021-02-12,Atikokan
-10.7,-10.699999999999998,2021-02-12,Lethbridge
3.5,3.5,2021-02-12,Lillooet
-31.5,-31.5,2021-02-12,Iqaluit
1.2,1.2,2021-02-12,Liverpool
1.4,1.4,2021-02-12,Creston
-6.0,-5.9,2021-02-12,Gander
-22.4,-22.35,2021-02-12,Winnipeg
-16.8,-16.65,2021-02-12,Fort Nelson
-3.5,-3.5,2021-02-12,Chicoutimi
-1.0,-0.95,2021-02-12,Belleville
-3.4,-3.4,2021-02-12,Saint-Georges
-2.4,-2.2,2021-02-12,Ottawa
-2.0,-2.0,2021-02-12,Windsor
-26.9,-26.6,2021-02-12,Saskatoon
-2.8,-2.8,2021-02-12,Trois-Rivières
"","",2021-02-12,Hamilton
-3.6,-3.55,2021-02-12,Kitchener
-0.3,-0.3,2021-02-12,Montréal
-3.3,-3.2,2021-02-12,London
-11.3,-11.3,2021-02-12,Val-d’Or
-1.7,-1.7,2021-02-12,Peterborough
-3.7,-3.7,2021-02-12,Rimouski
-2.3,-2.3,2021-02-12,Rivière-du-Loup
-2.9,-2.9,2021-02-12,Québec
-0.3,-0.25,2021-02-12,Toronto
1.2,1.2,2021-02-13,Liverpool
-7.2,-7.1,2021-02-13,Gander
7.5,7.5,2021-02-13,Nanaimo
0.9,0.9,2021-02-13,Prince George
-24.4,-24.15,2021-02-13,Thunder Bay
-23.6,-23.55,2021-02-13,Winnipeg
0.0,0.0,2021-02-13,Creston
4.3,4.3,2021-02-13,Lillooet
-2.0,2.3,2021-02-13,Vancouver
-24.8,-24.6,2021-02-13,Kenora
-7.5,-7.5,2021-02-13,Medicine Hat
-0.7,-0.09999999999999998,2021-02-13,Kelowna
-2.4,-2.4,2021-02-13,Halifax
-17.5,-17.45,2021-02-13,Fort Nelson
-26.2,-26.2,2021-02-13,Dryden
-3.3,-3.15,2021-02-13,Calgary
6.5,6.5,2021-02-13,Chilliwack
-8.8,-9.133333333333333,2021-02-13,Edmonton
-12.0,-12.0,2021-02-13,Edmundston
-7.9,-7.9,2021-02-13,Red Deer
1.4,1.4,2021-02-13,Quesnel
-28.6,-28.6,2021-02-13,Atikokan
-5.9,-6.1000000000000005,2021-02-13,Lethbridge
-6.0,-6.0,2021-02-13,Moncton
-30.7,-30.7,2021-02-13,Iqaluit
2.6,2.6,2021-02-13,Prince Rupert
6.4,6.7,2021-02-13,Victoria
-10.5,-10.5,2021-02-13,Québec
"","",2021-02-13,Hamilton
-6.7,-6.7,2021-02-13,London
-7.5,-7.5,2021-02-13,Montréal
-5.0,-5.0,2021-02-13,Windsor
-7.8,-7.8,2021-02-13,Saint-Georges
-7.3,-7.199999999999999,2021-02-13,Toronto
-9.2,-9.2,2021-02-13,Peterborough
-25.3,-25.3,2021-02-13,Val-d’Or
-10.6,-10.35,2021-02-13,Ottawa
-9.1,-6.55,2021-02-13,Kitchener
-7.3,-7.3,2021-02-13,Belleville
-10.7,-10.7,2021-02-13,Rivière-du-Loup
-13.6,-13.6,2021-02-13,Chicoutimi
-10.1,-10.1,2021-02-13,Trois-Rivières
-19.4,-19.15,2021-02-13,Saskatoon
-9.8,-9.8,2021-02-13,Rimouski
1.2,1.2999999999999998,2021-02-14,Quesnel
-7.8,-7.8,2021-02-14,Liverpool
-2.4,-1.95,2021-02-14,Medicine Hat
-11.3,-11.3,2021-02-14,Halifax
1.5,1.95,2021-02-14,Kelowna
-26.7,-26.7,2021-02-14,Edmundston
6.7,6.7,2021-02-14,Victoria
-4.2,-4.2,2021-02-14,Red Deer
-30.6,-30.6,2021-02-14,Iqaluit
-21.3,-21.3,2021-02-14,Atikokan
3.1,3.1,2021-02-14,Prince Rupert
-15.6,-15.55,2021-02-14,Winnipeg
-22.6,-22.200000000000003,2021-02-14,Fort Nelson
3.2,3.2,2021-02-14,Creston
"","",2021-02-14,Chilliwack
-17.0,-17.0,2021-02-14,Moncton
-16.5,-16.45,2021-02-14,Kenora
0.7,0.6666666666666666,2021-02-14,Lethbridge
-17.8,-17.8,2021-02-14,Dryden
-11.3,-10.200000000000001,2021-02-14,Edmonton
-4.5,-4.05,2021-02-14,Calgary
6.0,6.0,2021-02-14,Vancouver
4.7,4.7,2021-02-14,Lillooet
-19.5,-19.4,2021-02-14,Thunder Bay
3.7,3.85,2021-02-14,Nanaimo
-16.8,-16.65,2021-02-14,Gander
-1.4,-1.2999999999999998,2021-02-14,Prince George
-26.8,-26.8,2021-02-14,Val-d’Or
-18.1,-18.1,2021-02-14,Rimouski
-12.3,-12.15,2021-02-14,London
-18.2,-18.2,2021-02-14,Peterborough
-20.2,-20.2,2021-02-14,Rivière-du-Loup
-20.9,-20.7,2021-02-14,Ottawa
-10.8,-10.8,2021-02-14,Windsor
-17.3,-17.3,2021-02-14,Belleville
-10.2,-10.05,2021-02-14,Saskatoon
-18.6,-17.3,2021-02-14,Kitchener
-13.4,-13.15,2021-02-14,Toronto
-26.2,-26.2,2021-02-14,Chicoutimi
"","",2021-02-14,Hamilton
-20.5,-20.5,2021-02-14,Trois-Rivières
-18.8,-18.8,2021-02-14,Montréal
-20.5,-20.5,2021-02-14,Québec
-20.9,-20.9,2021-02-14,Saint-Georges
2.0,2.4,2021-02-15,Kelowna
-13.5,-12.533333333333333,2021-02-15,Edmonton
0.5,0.55,2021-02-15,Prince George
-9.8,-9.8,2021-02-15,Liverpool
-13.0,-12.9,2021-02-15,Gander
-11.9,-11.9,2021-02-15,Atikokan
-8.9,-8.850000000000001,2021-02-15,Thunder Bay
-1.3,-1.2666666666666666,2021-02-15,Lethbridge
-14.6,-14.5,2021-02-15,Kenora
"","",2021-02-15,Dryden
6.5,6.5,2021-02-15,Nanaimo
-23.5,-23.5,2021-02-15,Edmundston
5.2,5.2,2021-02-15,Vancouver
4.8,4.8,2021-02-15,Prince Rupert
6.5,6.5,2021-02-15,Lillooet
-15.9,-15.8,2021-02-15,Winnipeg
-2.7,-2.2,2021-02-15,Calgary
-16.7,-16.7,2021-02-15,Moncton
-8.0,-8.0,2021-02-15,Red Deer
-32.9,-32.9,2021-02-15,Iqaluit
-10.7,-10.7,2021-02-15,Halifax
-22.1,-22.0,2021-02-15,Fort Nelson
-6.5,-6.05,2021-02-15,Medicine Hat
0.6,0.6499999999999999,2021-02-15,Quesnel
2.2,2.2,2021-02-15,Creston
7.4,7.4,2021-02-15,Victoria
-12.8,-12.8,2021-02-15,Trois-Rivières
"","",2021-02-15,Hamilton
-16.9,-16.9,2021-02-15,Québec
-11.2,-11.2,2021-02-15,Montréal
-6.7,-6.7,2021-02-15,Peterborough
-21.0,-20.95,2021-02-15,Saskatoon
-15.4,-15.4,2021-02-15,Rivière-du-Loup
-10.0,-9.95,2021-02-15,Ottawa
-6.2,-5.95,2021-02-15,London
-14.5,-14.5,2021-02-15,Rimouski
-11.0,-9.45,2021-02-15,Kitchener
-7.2,-6.550000000000001,2021-02-15,Belleville
-19.5,-19.5,2021-02-15,Chicoutimi
-12.0,-12.0,2021-02-15,Val-d’Or
-4.7,-4.7,2021-02-15,Windsor
-18.8,-18.8,2021-02-15,Saint-Georges
-3.8,-3.5,2021-02-15,Toronto
